G5EB01	GO:0016491
G5EB02	GO:0016887	GO:0043684	GO:0044097
O05728	GO:0003723	GO:0004518	GO:0016787
O05730	GO:0016491
O05731	GO:0005886	GO:0006811	GO:0006826	GO:0016020	GO:0022857	GO:0055085
O05732	GO:0000166	GO:0005524	GO:0005886	GO:0006811	GO:0006826	GO:0016020	GO:0016887	GO:0055085
O06758	GO:0005515	GO:0005886	GO:0009306	GO:0015031	GO:0016020	GO:0044780	GO:0044781
O06912	GO:0005886	GO:0006099	GO:0016020	GO:0046872
O06913	GO:0005886	GO:0008177	GO:0016020	GO:0016491
O06914	GO:0006099	GO:0009055	GO:0016491	GO:0046872	GO:0051536	GO:0051537	GO:0051538	GO:0051539
O07025	GO:0000166	GO:0005515	GO:0005524	GO:0005737	GO:0006754	GO:0006811	GO:0009058	GO:0015031	GO:0015986	GO:0016887	GO:0030254	GO:0030257	GO:0044781	GO:1902600
O07678	GO:0005737	GO:0008168	GO:0008276	GO:0016279	GO:0016740	GO:0032259
O08314	GO:0006400	GO:0008033	GO:0008479	GO:0008616	GO:0016740	GO:0016757	GO:0046872	GO:0101030
O08315	GO:0000166	GO:0003824	GO:0003935	GO:0005525	GO:0008270	GO:0009231	GO:0016787	GO:0046872
O24853	GO:0003723	GO:0006353	GO:0006355	GO:0031564
O24854	GO:0000906	GO:0009231	GO:0009349	GO:0016740
O24855	GO:0004089	GO:0008270	GO:0015976	GO:0016829	GO:0046872
O24858	GO:0000166	GO:0005524
O24860	GO:0016020
O24861	GO:0016020
O24862	GO:0000166	GO:0003677	GO:0005515	GO:0005524
O24864	GO:0000160	GO:0006935	GO:0007165
O24865	GO:0003824	GO:0008295	GO:0016829	GO:0016831	GO:0045312
O24866	GO:0005886	GO:0006629	GO:0009103	GO:0009245	GO:0016020	GO:0016787	GO:0016791	GO:0046677
O24867	GO:0005886	GO:0006629	GO:0009103	GO:0009245	GO:0016020	GO:0016740	GO:0016772	GO:0016780
O24871	GO:0016020
O24872	GO:0000166	GO:0000287	GO:0004141	GO:0005524	GO:0005737	GO:0009102	GO:0016874	GO:0046872
O24875	GO:0000166	GO:0005524	GO:0006508	GO:0008233	GO:0016887
O24876	GO:0003677	GO:0005737	GO:0009295	GO:0043590
O24878	GO:0016020	GO:0030255
O24879	GO:0016020
O24882	GO:0016020
O24883	GO:0005515	GO:0016020
O24884	GO:0000166	GO:0000271	GO:0004475	GO:0005525	GO:0005976	GO:0009058	GO:0016740	GO:0016779	GO:0016853
O24885	GO:0008446	GO:0016829	GO:0019673	GO:0070401
O24886	GO:0003824	GO:0009226	GO:0016491	GO:0016616	GO:0016853	GO:0042351	GO:0050577	GO:0070401
O24889	GO:0003725	GO:0003998	GO:0008270	GO:0016743	GO:0016787	GO:0016874	GO:0046872
O24890	GO:0004668	GO:0009446	GO:0016787
O24891	GO:0003676	GO:0003677	GO:0008168	GO:0008170	GO:0016740	GO:0032259
O24892	GO:0003886	GO:0008168	GO:0009307	GO:0016740	GO:0032259
O24895	GO:0003676	GO:0003886	GO:0006304	GO:0008168	GO:0009007	GO:0009307	GO:0016740	GO:0032259
O24896	GO:0005298	GO:0005886	GO:0006811	GO:0006814	GO:0006865	GO:0015293	GO:0015824	GO:0016020	GO:0022857	GO:0031402	GO:0035524	GO:0055085	GO:1905039
O24897	GO:0003700	GO:0003842	GO:0004657	GO:0006355	GO:0006562	GO:0010133	GO:0016491	GO:0016620
O24906	GO:0000166	GO:0003677	GO:0005524
O24911	GO:0007165	GO:0016020
O24913	GO:0005886	GO:0006099	GO:0008924	GO:0016020	GO:0016491	GO:0016614
O24914	GO:0008234
O24915	GO:0003824	GO:0008652	GO:0008782	GO:0008930	GO:0009086	GO:0009116	GO:0009164	GO:0009234	GO:0016787	GO:0019509	GO:0102246
O24916	GO:0004314	GO:0016740	GO:0016746
O24917	GO:0003677	GO:0004518	GO:0004519	GO:0009036	GO:0009307	GO:0016787
O24918	GO:0003676	GO:0003677	GO:0008168	GO:0008170	GO:0032259
O24919	GO:0005975	GO:0008107	GO:0016020	GO:0016740	GO:0016757
O24922	GO:0016491	GO:0016616	GO:0051287
O24924	GO:0003824	GO:0004795	GO:0006520	GO:0008652	GO:0009088	GO:0016829	GO:0030170
O24925	GO:0007165	GO:0016020
O24926	GO:0005515	GO:0006400	GO:0008033	GO:0008616	GO:0016491	GO:0046872	GO:0051536	GO:0051539	GO:0052693
O24928	GO:0009058	GO:0016758
O24929	GO:0005886	GO:0007165	GO:0016020
O24930	GO:0000166	GO:0009166	GO:0016787	GO:0016788	GO:0046872
O24931	GO:0005506	GO:0009372	GO:0016829	GO:0043768	GO:0046872
O24933	GO:0003677	GO:0006355	GO:0045892
O24946	GO:0003333	GO:0005886	GO:0006865	GO:0015171	GO:0015293	GO:0016020
O24947	GO:0003849	GO:0008652	GO:0009073	GO:0016740
O24950	GO:0006089	GO:0046872	GO:0051536	GO:0051539
O24951	GO:0016491
O24952	GO:0005886	GO:0015129	GO:0015727	GO:0016020	GO:0035873	GO:1902600
O24953	GO:0005886	GO:0015129	GO:0015727	GO:0016020	GO:0035873	GO:1902600
O24954	GO:0000701	GO:0003677	GO:0003824	GO:0006281	GO:0006284	GO:0006950	GO:0006974	GO:0016787	GO:0016798	GO:0019104	GO:0051536
O24955	GO:0004129	GO:0005886	GO:0006119	GO:0009060	GO:0016020	GO:0020037	GO:0046872	GO:1902600
O24956	GO:0009055	GO:0016020	GO:0020037	GO:0046872
O24957	GO:0016020
O24958	GO:0005886	GO:0006119	GO:0006811	GO:0009055	GO:0016020	GO:0016491	GO:0020037	GO:0046872	GO:1902600
O24959	GO:0016020
O24960	GO:0016020
O24961	GO:0016020
O24962	GO:0016020
O24963	GO:0009234	GO:0016829	GO:0016830
O24964	GO:0016020
O24966	GO:0016020
O24967	GO:0016757
O24968	GO:0005576	GO:0008800	GO:0016787	GO:0046677
O24970	GO:0003677	GO:0005737	GO:0006355
O24972	GO:0000155	GO:0000160	GO:0004673	GO:0007165	GO:0016020	GO:0016301	GO:0016740
O24973	GO:0000160	GO:0000976	GO:0001216	GO:0001217	GO:0003677	GO:0006355	GO:0032993	GO:0045892	GO:0045893
O24976	GO:0005737	GO:0016787	GO:0016791
O24977	GO:0006777	GO:0016740	GO:0032324	GO:0046872	GO:0061599
O24978	GO:0005886	GO:0006605	GO:0009288	GO:0009425	GO:0016020	GO:0044780
O24979	GO:0016020
O24980	GO:0016051	GO:0016740	GO:0016765	GO:0046872
O24981	GO:0000166	GO:0005524	GO:0016887
O24982	GO:0005886	GO:0016020	GO:0016410	GO:0016740	GO:0016746	GO:0042158
O24983	GO:0009403	GO:0016020
O24985	GO:0016020
O24989	GO:0005886	GO:0016020
O24990	GO:0004318	GO:0006629	GO:0006631	GO:0006633	GO:0016491
O24991	GO:0006629	GO:0009245	GO:0016020	GO:0016410	GO:0016740	GO:0016746	GO:0016747
O24993	GO:0003824	GO:0005737	GO:0006629	GO:0006633	GO:0006644	GO:0008654	GO:0016740	GO:0016747	GO:0043811
O24994	GO:0003824	GO:0004315	GO:0005737	GO:0006629	GO:0006631	GO:0006633	GO:0016740	GO:0016746	GO:0033818
O24997	GO:0005524	GO:0016887
O24999	GO:0000166	GO:0005524	GO:0016226	GO:0016787	GO:0016887	GO:0046872	GO:0051536	GO:0140663
O25001	GO:0005576	GO:0008800	GO:0016787	GO:0046677
O25002	GO:0008652	GO:0009014	GO:0009085	GO:0009089	GO:0016787	GO:0019877	GO:0046872
O25003	GO:0008514	GO:0016020	GO:0022857	GO:0055085	GO:1905039
O25004	GO:0004605	GO:0005886	GO:0006629	GO:0008654	GO:0016020	GO:0016024	GO:0016740	GO:0016772	GO:0016779
O25008	GO:0005515	GO:0005737	GO:0006534	GO:0016226	GO:0016740	GO:0030170	GO:0031071	GO:0044571	GO:0046872	GO:0051536	GO:0051537
O25009	GO:0005506	GO:0009399	GO:0016226	GO:0046872	GO:0051536	GO:0051537
O25010	GO:0006355
O25011	GO:0003824	GO:0006979	GO:0008113	GO:0016491	GO:0016671	GO:0030091	GO:0033743	GO:0033744	GO:0036211
O25013	GO:0005886	GO:0016020
O25014	GO:0016020
O25016	GO:0005737	GO:0008690	GO:0009103	GO:0016740	GO:0016779	GO:0033468
O25018	GO:0005886	GO:0016020
O25019	GO:0016874
O25020	GO:0016020
O25021	GO:0005576	GO:0008800	GO:0016787	GO:0046677
O25022	GO:0009055	GO:0020037	GO:0046872
O25023	GO:0004659	GO:0008299	GO:0016740	GO:0046872
O25025	GO:0046872
O25026	GO:0000155	GO:0000160	GO:0000166	GO:0004673	GO:0005524	GO:0007165	GO:0016301	GO:0016740	GO:0016772
O25028	GO:0005198	GO:0009288	GO:0009425	GO:0009428	GO:0030288	GO:0042597	GO:0071973	GO:0097588
O25029	GO:0000166	GO:0003676	GO:0003723	GO:0003724	GO:0004386	GO:0005515	GO:0005524	GO:0005737	GO:0016787	GO:0016887
O25030	GO:0016020
O25031	GO:0016020
O25032	GO:0000166	GO:0005524	GO:0015833	GO:0016887	GO:0055085
O25033	GO:0005886	GO:0016020	GO:0055085
O25037	GO:0005886	GO:0006935	GO:0009288	GO:0015031	GO:0016020	GO:0044781	GO:0071973
O25039	GO:0003676	GO:0004518	GO:0004527	GO:0005737	GO:0006308	GO:0008855	GO:0009318	GO:0016787
O25040	GO:0003676	GO:0003677	GO:0008168	GO:0008170	GO:0009007	GO:0016740	GO:0032259
O25041	GO:0005515
O25042	GO:0004518	GO:0004519	GO:0009307	GO:0016787
O25043	GO:0003677	GO:0008168	GO:0008170	GO:0032259
O25044	GO:0016020	GO:0017004
O25045	GO:0006221	GO:0016787	GO:0016810
O25046	GO:0004000	GO:0016787	GO:0016810	GO:0046872
O25050	GO:0016020
O25051	GO:0016020
O25053	GO:0000162	GO:0004425
O25054	GO:0046872	GO:0051536	GO:0051539
O25056	GO:0005886	GO:0008920	GO:0009103	GO:0009244	GO:0016020	GO:0016740	GO:0016757
O25057	GO:0005886	GO:0009247	GO:0016020	GO:0016740	GO:0016746
O25058	GO:0006813	GO:0008324	GO:0098655
O25059	GO:0012505	GO:0016020	GO:0055085
O25060	GO:0000166	GO:0004176	GO:0004222	GO:0005524	GO:0006508	GO:0008233	GO:0016020	GO:0016787	GO:0016887	GO:0051301
O25062	GO:0016020
O25063	GO:0005515	GO:0042802
O25064	GO:0004106	GO:0016853	GO:0019752	GO:0046417
O25066	GO:0003824	GO:0009058
O25067	GO:0004040	GO:0008152	GO:0016787
O25068	GO:0005198	GO:0009288
O25069	GO:0042597	GO:0043190	GO:0055085
O25070	GO:0005886	GO:0016020	GO:0035442	GO:0055085
O25071	GO:0005886	GO:0016020	GO:0055085
O25072	GO:0000166	GO:0005524	GO:0015833	GO:0016887
O25073	GO:0000166	GO:0005524	GO:0015833	GO:0016887	GO:0055085
O25074	GO:0000166	GO:0000287	GO:0003924	GO:0005525	GO:0005737	GO:0016787	GO:0017111	GO:0042254	GO:0046872
O25075	GO:0016829	GO:0042597
O25077	GO:0016020
O25078	GO:0016020
O25080	GO:0000272	GO:0005975	GO:0016787	GO:0016810	GO:0045493	GO:0046555	GO:0046872	GO:0071555
O25082	GO:0005524	GO:0016787
O25083	GO:0016020	GO:0022857	GO:0055085
O25087	GO:0005737	GO:0016491	GO:0046872
O25088	GO:0005886	GO:0008320	GO:0015031	GO:0016020	GO:0033281	GO:0043953
O25089	GO:0005737
O25090	GO:0003824	GO:0004519	GO:0006629	GO:0006793	GO:0016042	GO:0016787
O25092	GO:0003774	GO:0009279	GO:0009288	GO:0009425	GO:0009427	GO:0016020	GO:0071973	GO:0097588
O25093	GO:0003824	GO:0016740	GO:0016779	GO:0016787	GO:0046872
O25094	GO:0016740	GO:0016746	GO:0016747
O25095	GO:0000166	GO:0005524	GO:0006629	GO:0009029	GO:0009245	GO:0016301	GO:0016740
O25096	GO:0000166	GO:0003952	GO:0004359	GO:0005524	GO:0005737	GO:0008795	GO:0009435	GO:0016874	GO:0046872
O25097	GO:0000287	GO:0004455	GO:0008652	GO:0009082	GO:0009097	GO:0009099	GO:0016491	GO:0046872	GO:0050661
O25098	GO:0000166	GO:0000917	GO:0005524	GO:0005886	GO:0016020	GO:0016887	GO:0051301
O25099	GO:0032955	GO:0051301
O25100	GO:0009294
O25101	GO:0000967	GO:0004518	GO:0005737	GO:0006139	GO:0006364	GO:0016787	GO:0016788	GO:0042254
O25103	GO:0008800	GO:0016787	GO:0046677
O25105	GO:0016020
O25106	GO:0003796	GO:0003824	GO:0009253	GO:0016787	GO:0016798	GO:0016998	GO:0031640	GO:0042742
O25109	GO:0016020
O25110	GO:0016020
O25111	GO:0016020
O25112	GO:0016020
O25114	GO:0001522	GO:0003723	GO:0005515	GO:0006396	GO:0009451	GO:0009982	GO:0016853	GO:0140098
O25115	GO:0003676	GO:0004518	GO:0004527	GO:0006281	GO:0006310	GO:0008409	GO:0016787
O25116	GO:0000166	GO:0003883	GO:0004359	GO:0005524	GO:0006221	GO:0006241	GO:0016874	GO:0044210	GO:0046872
O25117	GO:0016020
O25118	GO:0003774	GO:0005886	GO:0009288	GO:0009425	GO:0009431	GO:0016020	GO:0071973
O25119	GO:0003774	GO:0005886	GO:0006935	GO:0009288	GO:0009425	GO:0016020	GO:0071973	GO:0071978	GO:0097588
O25120	GO:0005515	GO:0015031	GO:0042802	GO:0044781
O25121	GO:0000287	GO:0008299	GO:0008661	GO:0009228	GO:0016114	GO:0016740	GO:0016744	GO:0019682	GO:0030976	GO:0046872	GO:0052865
O25122	GO:0000166	GO:0003746	GO:0003924	GO:0005525	GO:0005886	GO:0006412	GO:0006414	GO:0016020	GO:0016787	GO:0043022	GO:0045727
O25124	GO:0016491
O25127	GO:0003978	GO:0006012	GO:0016853
O25128	GO:0005886	GO:0016020
O25130	GO:0008483	GO:0016740
O25134	GO:0000166	GO:0003989	GO:0004075	GO:0005524	GO:0006629	GO:0006631	GO:0006633	GO:0016874	GO:0046872	GO:2001295
O25135	GO:0003989	GO:0005515	GO:0006629	GO:0006631	GO:0006633	GO:0009317
O25136	GO:0000166	GO:0006226	GO:0006229	GO:0008829	GO:0009117	GO:0016787
O25138	GO:0005737	GO:0006364	GO:0008168	GO:0016740	GO:0032259
O25139	GO:0016020
O25141	GO:0016020	GO:0017004	GO:0020037
O25142	GO:0005737	GO:0006486	GO:0008417	GO:0009103	GO:0016020	GO:0016740	GO:0016757	GO:0017083	GO:0036065	GO:0042806
O25143	GO:0003676	GO:0008168	GO:0008170	GO:0008276	GO:0008757	GO:0016740	GO:0032259
O25144	GO:0004222	GO:0006508	GO:0008233	GO:0008237	GO:0016020	GO:0016787	GO:0046872	GO:0071586
O25145	GO:0016020
O25146	GO:0042834
O25149	GO:0000166	GO:0003676	GO:0003677	GO:0003678	GO:0004386	GO:0005524	GO:0006260	GO:0006269	GO:0006302	GO:0006310	GO:0008270	GO:0016787	GO:0016887	GO:0046872	GO:1990077
O25150	GO:0002098	GO:0016740	GO:0016743	GO:0071281	GO:1904047
O25151	GO:0004601	GO:0008379	GO:0016209	GO:0016491	GO:0016684	GO:0098869	GO:0140824
O25152	GO:0005515	GO:0006935	GO:0007165
O25153	GO:0000155	GO:0000160	GO:0004673	GO:0005515	GO:0005737	GO:0006935	GO:0007165	GO:0016301	GO:0016740	GO:0016772
O25154	GO:0000160	GO:0006935	GO:0007165
O25155	GO:0005886	GO:0016020	GO:0016787	GO:0046872
O25156	GO:0030170
O25157	GO:0016831
O25158	GO:0004617	GO:0006564	GO:0008652	GO:0016491	GO:0016616	GO:0051287
O25163	GO:0016491	GO:0042597	GO:0043546	GO:0046872
O25165	GO:0000166	GO:0003921	GO:0003922	GO:0005524	GO:0006164	GO:0006177	GO:0016874	GO:0046037
O25166	GO:0009279	GO:0016020
O25168	GO:0016020
O25170	GO:0005886	GO:0016020	GO:0055085
O25171	GO:0006629	GO:0008168	GO:0008610	GO:0016740	GO:0032259
O25172	GO:0005515
O25173	GO:0002098	GO:0008033	GO:0016740	GO:0016765
O25175	GO:0016757
O25176	GO:0003824	GO:0006527	GO:0006596	GO:0008295	GO:0008792	GO:0016829	GO:0016831	GO:0046872
O25182	GO:0004672	GO:0005524	GO:0016301
O25185	GO:0004386
O25187	GO:0016020
O25188	GO:0003677	GO:0003916	GO:0003917	GO:0006265	GO:0016853
O25189	GO:0000166	GO:0005524
O25190	GO:0016020
O25191	GO:0016020
O25195	GO:0000166	GO:0004386	GO:0005524	GO:0016787
O25204	GO:0016020
O25206	GO:0000166	GO:0003677	GO:0005524
O25209	GO:0003677	GO:0009307
O25210	GO:0003676	GO:0003677	GO:0008168	GO:0008170	GO:0009007	GO:0009307	GO:0016740	GO:0032259
O25211	GO:0000166	GO:0003677	GO:0004518	GO:0004519	GO:0005524	GO:0006304	GO:0009035	GO:0009307	GO:0016787
O25214	GO:0005515
O25216	GO:0004222	GO:0006508	GO:0008233	GO:0008237	GO:0016787	GO:0046872
O25217	GO:0006812	GO:0015297	GO:0016020	GO:0055085	GO:1902600
O25219	GO:0015689	GO:0030973	GO:0046872
O25220	GO:0005886	GO:0015098	GO:0015689	GO:0016020	GO:0055085
O25221	GO:0000166	GO:0005524	GO:0016887
O25223	GO:0003676	GO:0003677	GO:0008168	GO:0008170	GO:0009007	GO:0009307	GO:0016740	GO:0032259
O25224	GO:0016740	GO:0016757
O25225	GO:0000027	GO:0000049	GO:0000166	GO:0003723	GO:0003924	GO:0005525	GO:0005737	GO:0016787	GO:0019843	GO:0042254	GO:0043022
O25226	GO:0008168	GO:0009007	GO:0009307	GO:0016740	GO:0032259
O25229	GO:0004096	GO:0004601	GO:0006979	GO:0016491	GO:0020037	GO:0046872	GO:0098869
O25233	GO:0006813	GO:0008324	GO:0016020	GO:0034220	GO:0098655
O25234	GO:0009279	GO:0016020
O25235	GO:0005886	GO:0008360	GO:0008963	GO:0009252	GO:0016020	GO:0016740	GO:0016780	GO:0046872	GO:0051301	GO:0051992	GO:0071555
O25236	GO:0000166	GO:0004326	GO:0005524	GO:0005737	GO:0008360	GO:0008764	GO:0009058	GO:0009252	GO:0009396	GO:0016874	GO:0016879	GO:0016881	GO:0046901	GO:0051301	GO:0071555
O25239	GO:0015293	GO:0016020	GO:0055085
O25240	GO:0016020
O25241	GO:0004620	GO:0004623	GO:0006629	GO:0008970	GO:0009279	GO:0016020	GO:0016042	GO:0016787	GO:0046872
O25242	GO:0003677	GO:0003887	GO:0005515	GO:0005737	GO:0006260	GO:0008408	GO:0009360	GO:0016740	GO:0016779	GO:0042802	GO:0071897
O25247	GO:0005886	GO:0016020	GO:0046872
O25248	GO:0016818	GO:0046872
O25249	GO:0009986
O25250	GO:0003824	GO:0003973	GO:0009339	GO:0050660	GO:0071949
O25253	GO:0000502	GO:0003824	GO:0004298	GO:0005737	GO:0005839	GO:0006508	GO:0008233	GO:0009376	GO:0016787	GO:0030163	GO:0046872	GO:0051603
O25254	GO:0000166	GO:0005524	GO:0005737	GO:0008233	GO:0009376	GO:0016887	GO:0036402	GO:0043335	GO:1901800
O25255	GO:0008360	GO:0009252	GO:0016740	GO:0071555
O25256	GO:0008800	GO:0046677
O25257	GO:0016020
O25258	GO:0005515
O25260	GO:0005886	GO:0016020
O25261	GO:0005515
O25262	GO:0016020
O25264	GO:0016020
O25265	GO:0016020	GO:0042802
O25266	GO:0016020
O25268	GO:0016020
O25269	GO:0016020
O25270	GO:0005515
O25274	GO:0016020
O25278	GO:0016020
O25279	GO:0003723	GO:0005737	GO:0006396	GO:0008168	GO:0008173	GO:0032259
O25280	GO:0003677	GO:0016020
O25282	GO:0016020
O25283	GO:0000166	GO:0003989	GO:0005524	GO:0005737	GO:0006629	GO:0006631	GO:0006633	GO:0009317	GO:0016740	GO:0016743	GO:0016874	GO:2001295
O25284	GO:0004315	GO:0006629	GO:0006631	GO:0006633	GO:0016740	GO:0016746	GO:0016747
O25286	GO:0000166	GO:0004316	GO:0006629	GO:0006631	GO:0006633	GO:0016491	GO:0032787	GO:0051287
O25288	GO:0006355
O25289	GO:0016020
O25290	GO:0005737	GO:0008652	GO:0008837	GO:0009085	GO:0009089	GO:0016853
O25291	GO:0005886	GO:0016020
O25292	GO:0051539
O25293	GO:0000166	GO:0005524	GO:0005525	GO:0016887	GO:0017111	GO:0043022	GO:0043023
O25294	GO:0004177	GO:0005737	GO:0006508	GO:0008233	GO:0008235	GO:0016787	GO:0030145	GO:0046872	GO:0070006
O25295	GO:0005886	GO:0016020
O25296	GO:0003999	GO:0005737	GO:0006166	GO:0006168	GO:0016740	GO:0016757	GO:0044209
O25297	GO:0016020
O25298	GO:0005975	GO:0016853	GO:0016861
O25299	GO:0005886	GO:0006508	GO:0008233	GO:0008237	GO:0016020	GO:0016787	GO:0046872
O25300	GO:0004252	GO:0005886	GO:0006465	GO:0006508	GO:0008233	GO:0008236	GO:0016020	GO:0016787
O25301	GO:0005886	GO:0016020
O25302	GO:0016020
O25303	GO:0016020
O25304	GO:0016020	GO:0055085
O25305	GO:0016020
O25306	GO:0003774	GO:0005886	GO:0006935	GO:0009288	GO:0009425	GO:0016020	GO:0071973	GO:0097588
O25307	GO:0003677	GO:0003824	GO:0003906	GO:0004519	GO:0006281	GO:0006284	GO:0006950	GO:0006974	GO:0016787	GO:0016798	GO:0016829	GO:0019104	GO:0046872	GO:0051536	GO:0051539	GO:0140078
O25308	GO:0016020
O25309	GO:0005886	GO:0008932	GO:0009252	GO:0016020	GO:0016829	GO:0071555
O25310	GO:0046872	GO:0051536	GO:0051539
O25311	GO:0016491
O25312	GO:0003824	GO:0016625	GO:0030976
O25313	GO:0016491	GO:0016903
O25314	GO:0003677	GO:0005524	GO:0006259	GO:0015668	GO:0016787
O25315	GO:0003676	GO:0003677	GO:0008168	GO:0008170	GO:0009007	GO:0016740	GO:0032259
O25316	GO:0016020
O25317	GO:0006457	GO:0015035	GO:0016020
O25319	GO:0003824	GO:0004180	GO:0005886	GO:0006508	GO:0008233	GO:0008360	GO:0008658	GO:0009252	GO:0016020	GO:0016757	GO:0016787	GO:0071555
O25320	GO:0008710	GO:0009058	GO:0009102	GO:0016740	GO:0016746	GO:0030170
O25321	GO:0007165	GO:0016020
O25322	GO:0000166	GO:0005524	GO:0005886	GO:0006869	GO:0016020	GO:0016887	GO:0055085	GO:0140359
O25323	GO:0003824	GO:0004519	GO:0006281	GO:0006284	GO:0051536	GO:0051539
O25325	GO:0004853	GO:0005737	GO:0006778	GO:0006779	GO:0006782	GO:0016829	GO:0016831
O25326	GO:0009279	GO:0015562	GO:0016020	GO:0055085
O25327	GO:0005886	GO:0016020	GO:0022857	GO:0055085
O25328	GO:0016020	GO:0022857	GO:0042908	GO:0055085
O25330	GO:0005515
O25332	GO:0016020
O25333	GO:0016020
O25334	GO:0000166	GO:0005524	GO:0016887
O25336	GO:0003677	GO:0003911	GO:0006259	GO:0006260	GO:0006281	GO:0006974	GO:0016874	GO:0046872
O25337	GO:0000160	GO:0006935	GO:0007165
O25338	GO:0000166	GO:0003677	GO:0003723	GO:0004518	GO:0004519	GO:0005524	GO:0006298	GO:0016787	GO:0016887	GO:0019843	GO:0030983	GO:0043023	GO:0045910	GO:0072344	GO:0140664
O25339	GO:0016020
O25340	GO:0000166	GO:0005524	GO:0005737	GO:0008360	GO:0008763	GO:0009058	GO:0009252	GO:0016874	GO:0016881	GO:0051301	GO:0071555
O25341	GO:0008483	GO:0009058	GO:0030170
O25342	GO:0005506	GO:0008299	GO:0016114	GO:0016491	GO:0019288	GO:0046429	GO:0046872	GO:0051536	GO:0051539	GO:0141197
O25343	GO:0005737	GO:0008652	GO:0008666	GO:0009085	GO:0009089	GO:0016740	GO:0016746	GO:0019877
O25345	GO:0005576	GO:0008800	GO:0016787	GO:0046677
O25348	GO:0008901	GO:0009375	GO:0016491	GO:0030313	GO:0046872	GO:0051536	GO:0051538	GO:0051539
O25349	GO:0008901	GO:0016151	GO:0016491	GO:0030313	GO:0046872
O25350	GO:0005506	GO:0005886	GO:0009055	GO:0016020	GO:0022904	GO:0046872	GO:0071944
O25351	GO:0004190	GO:0006508	GO:0008047	GO:0008233	GO:0016485	GO:0046872
O25354	GO:0016020
O25356	GO:0000166	GO:0005524	GO:0008270	GO:0008616	GO:0016874	GO:0016879	GO:0046872
O25357	GO:0000166	GO:0003723	GO:0006396	GO:0008033	GO:0016740	GO:0016779
O25360	GO:0000049	GO:0000166	GO:0004812	GO:0004818	GO:0005524	GO:0005737	GO:0006412	GO:0006418	GO:0006424	GO:0016874	GO:0043039
O25361	GO:0016020
O25363	GO:0003983	GO:0006011	GO:0009058	GO:0016740	GO:0016779	GO:0046872
O25364	GO:0016020
O25365	GO:0005515
O25366	GO:0005737	GO:0006486	GO:0008417	GO:0009103	GO:0016020	GO:0016740	GO:0016757	GO:0017083	GO:0036065	GO:0042806
O25367	GO:0006564	GO:0008652	GO:0016787	GO:0036424	GO:0046872
O25368	GO:0003824	GO:0005506	GO:0009234	GO:0016740	GO:0016765	GO:0046872	GO:0051536	GO:0051539	GO:0102573
O25369	GO:0009279	GO:0016020	GO:0019867	GO:0071709
O25370	GO:0003824	GO:0005506	GO:0009234	GO:0016491	GO:0016765	GO:0046872	GO:0046992	GO:0051536	GO:0051539
O25371	GO:0005576	GO:0046872
O25372	GO:0000166	GO:0003824	GO:0005524	GO:0006412	GO:0016874	GO:0016884	GO:0050566	GO:0050567
O25373	GO:0003755
O25374	GO:0016020
O25376	GO:0003824	GO:0004109	GO:0005737	GO:0006779	GO:0006782	GO:0016491	GO:0046872	GO:0051536	GO:0051539	GO:0051989
O25377	GO:0016491	GO:0046872	GO:0051536	GO:0051539
O25379	GO:0003677	GO:0005524	GO:0016787
O25380	GO:0003676	GO:0003677	GO:0008168	GO:0008170	GO:0009007	GO:0009307	GO:0016740	GO:0032259
O25383	GO:0003824	GO:0006520	GO:0008483	GO:0009058	GO:0016740	GO:0030170
O25386	GO:0003677	GO:0005737	GO:0006310	GO:0007059	GO:0009037	GO:0015074	GO:0051301
O25387	GO:0003824	GO:0003908	GO:0005737	GO:0006281	GO:0006307	GO:0006974	GO:0008168	GO:0016740	GO:0032259
O25388	GO:0005886	GO:0016020
O25390	GO:0000166
O25391	GO:0016020
O25392	GO:0016020
O25393	GO:0000287	GO:0000902	GO:0003824	GO:0003977	GO:0005737	GO:0006048	GO:0008360	GO:0009245	GO:0009252	GO:0016020	GO:0016740	GO:0016746	GO:0016779	GO:0019134	GO:0046872	GO:0071555
O25394	GO:0005886	GO:0009288	GO:0009306	GO:0009425	GO:0015031	GO:0016020	GO:0044781
O25395	GO:0009279	GO:0016020
O25396	GO:0000166	GO:0005524	GO:0005525	GO:0005886	GO:0006811	GO:0006826	GO:0015093	GO:0016020	GO:0034755
O25397	GO:0003676
O25399	GO:0016740	GO:0016746	GO:0016747
O25400	GO:0016020
O25402	GO:0016787
O25403	GO:0003824	GO:0016787
O25404	GO:0005515
O25406	GO:0016020
O25408	GO:0000160	GO:0000166	GO:0003677	GO:0005524	GO:0006355	GO:0016887
O25411	GO:0005737	GO:0006364	GO:0008168	GO:0016740	GO:0032259	GO:0070475	GO:0071424
O25412	GO:0016020
O25417	GO:0000166	GO:0005524	GO:0006865	GO:0015803	GO:0016887	GO:0043190	GO:0055085
O25418	GO:0000166	GO:0002949	GO:0005524	GO:0005737	GO:0008033	GO:0046872
O25419	GO:0000166	GO:0003887	GO:0005524	GO:0006260	GO:0009360	GO:0016740	GO:0016779	GO:0016887	GO:0034061	GO:0046872	GO:0071897
O25420	GO:0003333	GO:0005886	GO:0006865	GO:0016020
O25424	GO:0004067	GO:0005737	GO:0006520	GO:0006528	GO:0016787
O25425	GO:0005886	GO:0015556	GO:0015740	GO:0016020
O25426	GO:0016020
O25427	GO:0000049	GO:0002943	GO:0003723	GO:0008033	GO:0016491	GO:0017150	GO:0050660
O25428	GO:0000166	GO:0005524	GO:0005737	GO:0006400	GO:0008033	GO:0016874	GO:0016879	GO:0032267
O25431	GO:0005525
O25433	GO:0005525
O25434	GO:0003824	GO:0005737	GO:0006400	GO:0016740	GO:0035596	GO:0046872	GO:0051536	GO:0051539	GO:0103039
O25435	GO:0016740	GO:0016757
O25436	GO:0008483	GO:0016740
O25437	GO:0006629	GO:0006655	GO:0008962	GO:0016020
O25438	GO:0016787
O25439	GO:0005524	GO:0009058	GO:0016020	GO:0016879	GO:0016881
O25440	GO:0000166	GO:0003824
O25441	GO:0000455	GO:0001522	GO:0003723	GO:0009451	GO:0009982	GO:0016853	GO:0120159
O25442	GO:0016020
O25443	GO:0006400	GO:0008033	GO:0008168	GO:0008176	GO:0016740	GO:0032259	GO:0106004
O25444	GO:0000166	GO:0005524	GO:0016887	GO:0051301
O25445	GO:0016020	GO:0051301
O25448	GO:0005515	GO:0005737	GO:0005829	GO:0044780	GO:0044781
O25450	GO:0008641
O25452	GO:0016787	GO:0016811
O25453	GO:0005886	GO:0016020
O25454	GO:0005886	GO:0006811	GO:0015297	GO:0016020	GO:0042908	GO:0042910	GO:0055085
O25455	GO:0003676	GO:0003723	GO:0004518	GO:0004519	GO:0004521	GO:0005886	GO:0006402	GO:0016020	GO:0016787
O25456	GO:0000166	GO:0005524
O25458	GO:0000166	GO:0003924	GO:0005525	GO:0005737	GO:0005886	GO:0006612	GO:0006614	GO:0016020	GO:0016787
O25463	GO:0016020
O25464	GO:0008745	GO:0009253
O25465	GO:0018580
O25466	GO:0015969
O25468	GO:0009234	GO:0016829	GO:0016836
O25474	GO:0015031	GO:0042597	GO:0042953
O25475	GO:0000166	GO:0005524	GO:0005737	GO:0005886	GO:0006605	GO:0006886	GO:0008564	GO:0015031	GO:0016020	GO:0017038	GO:0046872	GO:0065002
O25476	GO:0005886	GO:0016020
O25479	GO:0003677	GO:0009307
O25480	GO:0005524
O25482	GO:0005515
O25483	GO:0016020
O25484	GO:0000287	GO:0003824	GO:0008686	GO:0009231	GO:0016829	GO:0030145	GO:0046872
O25487	GO:0009279	GO:0016020
O25488	GO:0000287	GO:0005737	GO:0006629	GO:0006631	GO:0006633	GO:0008897	GO:0016740	GO:0046872
O25489	GO:0005886	GO:0006935	GO:0009425	GO:0016020	GO:0071973	GO:0097588
O25490	GO:0008168	GO:0016740	GO:0031167	GO:0032259
O25492	GO:0008168	GO:0016740	GO:0032259
O25494	GO:0008641	GO:0016020
O25496	GO:0005886	GO:0016020	GO:0022857	GO:0043190	GO:0055085
O25497	GO:0000166	GO:0005524	GO:0016887
O25499	GO:0003676
O25501	GO:0003676	GO:0003723
O25502	GO:0000166	GO:0004140	GO:0005524	GO:0005737	GO:0015937	GO:0016301	GO:0016740
O25503	GO:0003824	GO:0004766	GO:0005737	GO:0006596	GO:0008295	GO:0016740
O25505	GO:0000166	GO:0005525	GO:0042254
O25506	GO:0003677	GO:0030261	GO:0030527
O25507	GO:0016020
O25510	GO:0009279	GO:0015909
O25511	GO:0000166	GO:0016829
O25512	GO:0003824	GO:0004632	GO:0004633	GO:0010181	GO:0015937	GO:0015941	GO:0016829	GO:0016831	GO:0016874	GO:0046872
O25514	GO:0000287	GO:0004789	GO:0009228	GO:0009229	GO:0016740	GO:0046872
O25515	GO:0000166	GO:0005524	GO:0008902	GO:0008972	GO:0009228	GO:0009229	GO:0016301	GO:0016740
O25516	GO:0000166	GO:0000287	GO:0004417	GO:0005524	GO:0009228	GO:0009229	GO:0016301	GO:0016740	GO:0046872
O25517	GO:0000166	GO:0003677	GO:0004518	GO:0004519	GO:0005524	GO:0006304	GO:0009035	GO:0009307	GO:0016787
O25519	GO:0003677	GO:0005515	GO:0009307
O25520	GO:0003677	GO:0009307
O25521	GO:0003676	GO:0003677	GO:0005515	GO:0008168	GO:0008170	GO:0009007	GO:0009307	GO:0016740	GO:0032259
O25522	GO:0016020
O25523	GO:0006355
O25524	GO:0000166	GO:0005524	GO:0016887
O25525	GO:0003824	GO:0003920	GO:0006163	GO:0016491	GO:1902560
O25526	GO:0005886	GO:0016020	GO:0016740	GO:0016746	GO:0042121	GO:0071555
O25527	GO:0016020
O25528	GO:0005737	GO:0005975	GO:0008270	GO:0008968	GO:0009103	GO:0009244	GO:0016853	GO:0046872	GO:0097367	GO:1901135	GO:2001061
O25529	GO:0000166	GO:0003824	GO:0005524	GO:0005975	GO:0009058	GO:0009103	GO:0009244	GO:0016301	GO:0016740	GO:0016773	GO:0016779	GO:0033785	GO:0033786	GO:0046835	GO:0097171
O25530	GO:0005975	GO:0008712	GO:0009103	GO:0016853	GO:0050661
O25531	GO:0005737	GO:0005975	GO:0009103	GO:0009244	GO:0016787	GO:0016791	GO:0034200	GO:0046872	GO:0097171
O25532	GO:0016020
O25533	GO:0000166	GO:0004594	GO:0005515	GO:0005524	GO:0005737	GO:0015937	GO:0016301	GO:0016740	GO:0043169	GO:0046872
O25534	GO:0009986
O25535	GO:0016020
O25536	GO:0000287	GO:0004170	GO:0006226	GO:0009117	GO:0016787	GO:0046081	GO:0046872
O25537	GO:0006629	GO:0008915	GO:0009245	GO:0016020	GO:0016740	GO:0016757
O25541	GO:0016020
O25542	GO:0005515	GO:0016491
O25543	GO:0009279	GO:0016020	GO:0033214
O25544	GO:0000287	GO:0003676	GO:0003677	GO:0004518	GO:0004519	GO:0004520	GO:0005515	GO:0005737	GO:0006281	GO:0006310	GO:0006974	GO:0008821	GO:0016787	GO:0046872	GO:0048476
O25546	GO:0005515
O25549	GO:0000400	GO:0003677	GO:0003678	GO:0005524	GO:0005737	GO:0006281	GO:0006310	GO:0006974	GO:0009378	GO:0009379	GO:0048476
O25551	GO:0005886	GO:0008360	GO:0009252	GO:0015648	GO:0015836	GO:0016020	GO:0071555
O25552	GO:0046872
O25554	GO:0046872
O25555	GO:0097351
O25558	GO:0046872
O25560	GO:0000166	GO:0003924	GO:0005525	GO:0016151	GO:0016787	GO:0046872	GO:0051604
O25561	GO:0016020
O25565	GO:0044781
O25566	GO:0009288	GO:0009425	GO:0071973
O25568	GO:0003676	GO:0003677	GO:0006304	GO:0008168	GO:0009007	GO:0009307	GO:0016740	GO:0032259
O25569	GO:0000166	GO:0003677	GO:0003678	GO:0004386	GO:0005524	GO:0016787	GO:0016853	GO:0016887
O25573	GO:0009279	GO:0016020	GO:0033214
O25574	GO:0009279	GO:0016020
O25577	GO:0000166	GO:0003824	GO:0004087	GO:0004088	GO:0005524	GO:0006221	GO:0006526	GO:0008652	GO:0016874	GO:0044205	GO:0046872
O25578	GO:0005886	GO:0016020	GO:0070588
O25581	GO:0016853
O25582	GO:0004222	GO:0005886	GO:0006508	GO:0008233	GO:0008237	GO:0008270	GO:0016020	GO:0016787	GO:0046872
O25583	GO:0004659	GO:0008299	GO:0016740	GO:0046872
O25584	GO:0000166	GO:0005737	GO:0008252	GO:0008253	GO:0016787	GO:0046872
O25587	GO:0008616	GO:0016829	GO:0046872	GO:0070497
O25588	GO:0000287	GO:0008616	GO:0016829	GO:0016840	GO:0046872	GO:0051536	GO:0051539	GO:1904047
O25589	GO:0008080	GO:0016740	GO:0016747
O25590	GO:0005886	GO:0015293	GO:0016020	GO:0022857	GO:0055085
O25591	GO:0016020
O25593	GO:0005886	GO:0006865	GO:0016020	GO:0022857	GO:0043190	GO:0055085
O25594	GO:0030313
O25595	GO:0003824	GO:0006522	GO:0008784	GO:0016853	GO:0030170	GO:0030632
O25596	GO:0003333	GO:0005283	GO:0005886	GO:0006814	GO:0006865	GO:0015293	GO:0016020	GO:0035725	GO:0055085
O25597	GO:0005886	GO:0008718	GO:0016020	GO:0016491
O25600	GO:0005886	GO:0016020
O25602	GO:0016020
O25603	GO:0005737	GO:0006364	GO:0008168	GO:0016740	GO:0031167	GO:0032259	GO:0070038
O25604	GO:0000166	GO:0003989	GO:0005524	GO:0005737	GO:0006629	GO:0006631	GO:0006633	GO:0008270	GO:0009317	GO:0016740	GO:0016743	GO:0046872	GO:2001295
O25606	GO:0005515
O25608	GO:0016491	GO:0046677
O25609	GO:0005886	GO:0008961	GO:0016020	GO:0016740	GO:0042158
O25610	GO:0001522	GO:0003723	GO:0006396	GO:0009451	GO:0009982	GO:0016853	GO:0140098
O25611	GO:0005886	GO:0009103	GO:0009244	GO:0016020	GO:0016740	GO:0043842
O25612	GO:0005515
O25613	GO:0000166	GO:0003934	GO:0005525	GO:0016787	GO:0046872
O25614	GO:0000166	GO:0005737	GO:0005975	GO:0006072	GO:0006629	GO:0006650	GO:0008654	GO:0016491	GO:0016616	GO:0046167	GO:0046168	GO:0047952	GO:0051287
O25615	GO:0000036	GO:0005737	GO:0006629	GO:0006631	GO:0006633	GO:0016020
O25616	GO:0000166	GO:0003924	GO:0005525	GO:0016020	GO:0016787
O25618	GO:0000166	GO:0003924	GO:0005525	GO:0016020	GO:0016787
O25619	GO:0000166	GO:0003924	GO:0005525	GO:0016020	GO:0016787
O25620	GO:0003723	GO:0004518	GO:0016787
O25622	GO:0005886	GO:0006812	GO:0008324	GO:0016020	GO:0022857	GO:0042908	GO:0055085	GO:0098655
O25624	GO:0015562	GO:0055085
O25626	GO:0000166	GO:0005524	GO:0006412	GO:0006450	GO:0016874	GO:0050566	GO:0050567
O25627	GO:0004015	GO:0005737	GO:0008483	GO:0009102	GO:0016740	GO:0030170
O25628	GO:0003755	GO:0005886	GO:0016020
O25629	GO:0005886	GO:0009898	GO:0016020	GO:0032153	GO:0043093	GO:0051301
O25630	GO:0004222	GO:0006508	GO:0008233	GO:0008237	GO:0016020	GO:0016787
O25631	GO:0004527	GO:0006308	GO:0008855	GO:0009318
O25632	GO:0016020
O25633	GO:0005886	GO:0008381	GO:0016020	GO:0034220	GO:0055085
O25635	GO:0016020
O25636	GO:0003676
O25643	GO:0003677	GO:0006310	GO:0015074
O25652	GO:0005886	GO:0016020
O25653	GO:0003677	GO:0006310	GO:0015074
O25654	GO:0000166	GO:0005524	GO:0006799	GO:0008976	GO:0009358	GO:0016301	GO:0016740	GO:0046872
O25655	GO:0004152	GO:0005737	GO:0005886	GO:0006207	GO:0006221	GO:0006222	GO:0016020	GO:0016491	GO:0016627	GO:0044205	GO:0106430
O25656	GO:0004222	GO:0005576	GO:0006508	GO:0008233	GO:0008237	GO:0016787	GO:0046872
O25657	GO:0005737	GO:0008652	GO:0008840	GO:0009085	GO:0009089	GO:0016829	GO:0019877	GO:0044281
O25659	GO:0016020
O25660	GO:0006629	GO:0008444	GO:0008654	GO:0016020	GO:0016740	GO:0016780
O25661	GO:0006865	GO:0016020	GO:0055085
O25663	GO:0004252	GO:0006508	GO:0008233	GO:0008236
O25664	GO:0003824	GO:0008299	GO:0008685	GO:0016114	GO:0016740	GO:0016779	GO:0016829	GO:0019288	GO:0046872	GO:0050518	GO:0070567
O25665	GO:0000160
O25666	GO:0003677	GO:0003824	GO:0004518	GO:0008409	GO:0017108	GO:0033567	GO:0140640
O25668	GO:0005515	GO:0006457	GO:0051082
O25669	GO:0003677	GO:0003700	GO:0005515	GO:0006355	GO:0042802
O25670	GO:0000166	GO:0003677	GO:0004386	GO:0005524	GO:0006260	GO:0006281	GO:0006310	GO:0009378	GO:0016887
O25671	GO:0003677	GO:0003700	GO:0005737	GO:0006355	GO:0046872
O25673	GO:0046872
O25674	GO:0003774	GO:0005886	GO:0006935	GO:0009288	GO:0009425	GO:0016020	GO:0071973	GO:0097588
O25675	GO:0003774	GO:0005886	GO:0006935	GO:0009288	GO:0009425	GO:0016020	GO:0071973	GO:0097588
O25676	GO:0003677	GO:0003700	GO:0003743	GO:0003899	GO:0005515	GO:0006352	GO:0006355	GO:0006413	GO:0016987	GO:2000142
O25678	GO:0000166	GO:0005524	GO:0044781
O25679	GO:0000166	GO:0003924	GO:0005525	GO:0005886	GO:0006614	GO:0015031	GO:0016020	GO:0016887	GO:0044781
O25680	GO:0000166	GO:0003848	GO:0005524	GO:0009396	GO:0016301	GO:0016740	GO:0046654	GO:0046656
O25681	GO:0004177	GO:0006508	GO:0008233	GO:0008237	GO:0016787	GO:0046872
O25682	GO:0016020
O25683	GO:0000166	GO:0004114	GO:0016787
O25684	GO:0000160	GO:0003677	GO:0006355
O25685	GO:0016020	GO:0016787	GO:0046872
O25686	GO:0000166	GO:0003987	GO:0005524	GO:0016208	GO:0016874	GO:0019427	GO:0046872
O25687	GO:0005515	GO:0005737	GO:0042254	GO:0042274
O25688	GO:0005737	GO:0006364	GO:0030490	GO:0042254
O25690	GO:0000166	GO:0004413	GO:0005524	GO:0005737	GO:0006566	GO:0008652	GO:0009088	GO:0016301	GO:0016740
O25692	GO:0003824	GO:0006629	GO:0006796	GO:0009245	GO:0016020	GO:0016787	GO:0019637	GO:0046872	GO:0103117	GO:1901135
O25693	GO:0000902	GO:0000917	GO:0051301	GO:0051726	GO:0090529	GO:1901891
O25698	GO:0003824	GO:0003864	GO:0005737	GO:0015940	GO:0016740	GO:0046872
O25699	GO:0000166	GO:0000400	GO:0003677	GO:0005524	GO:0005737	GO:0006281	GO:0006310	GO:0006974	GO:0009378	GO:0016787	GO:0016887	GO:0048476
O25700	GO:0005886	GO:0008320	GO:0015031	GO:0016020	GO:0033281	GO:0043953
O25701	GO:0005886	GO:0008320	GO:0015031	GO:0016020	GO:0033281	GO:0043953
O25702	GO:0005737	GO:0006400	GO:0008616	GO:0016740	GO:0016853	GO:0051075
O25703	GO:0005737	GO:0006364	GO:0008168	GO:0008649	GO:0016740	GO:0031167	GO:0032259	GO:0070043	GO:0070476
O25704	GO:0016020
O25708	GO:0046872
O25709	GO:0005515
O25711	GO:0000166	GO:0003924	GO:0005524	GO:0005525	GO:0016787	GO:0016887
O25712	GO:0003676	GO:0003677	GO:0004519	GO:0009307	GO:0016020
O25714	GO:0000166	GO:0005524	GO:0005886	GO:0006869	GO:0016020	GO:0016887	GO:0055085	GO:0140359
O25716	GO:0004070	GO:0006207	GO:0006221	GO:0006520	GO:0016597	GO:0016740	GO:0016743	GO:0044205
O25718	GO:0003723	GO:0008168	GO:0032259
O25719	GO:0000166	GO:0003824	GO:0003919	GO:0005524	GO:0006747	GO:0008531	GO:0009231	GO:0009398	GO:0016301	GO:0016740	GO:0016779
O25720	GO:0004802	GO:0016020	GO:0016740	GO:0046872
O25722	GO:0000166	GO:0003677	GO:0005524	GO:0005886	GO:0007059	GO:0016020	GO:0051301
O25723	GO:0005886	GO:0015293	GO:0016020	GO:0022857	GO:0055085
O25724	GO:0009288	GO:0009425	GO:0071973
O25728	GO:0005576	GO:0008800	GO:0016787	GO:0046677
O25729	GO:0008675	GO:0016829
O25730	GO:0005975	GO:0006098	GO:0016787	GO:0017057
O25731	GO:0000166	GO:0004340	GO:0005524	GO:0005536	GO:0005737	GO:0006096	GO:0016301	GO:0016740	GO:0051156
O25732	GO:0016616
O25733	GO:0016757
O25736	GO:0016491	GO:0016625	GO:0016903
O25737	GO:0016625	GO:0046872	GO:0051536	GO:0051539
O25738	GO:0016491
O25739	GO:0003824	GO:0016491	GO:0030976
O25742	GO:0008800	GO:0046677
O25743	GO:0006749	GO:0006750	GO:0006751	GO:0016740	GO:0016746	GO:0016787	GO:0032757	GO:0036374	GO:0042130	GO:0103068	GO:1902807
O25744	GO:0005198	GO:0005576	GO:0009288	GO:0009424	GO:0044780
O25746	GO:0003886	GO:0008168	GO:0009307	GO:0016740	GO:0032259
O25747	GO:0005515
O25748	GO:0003755	GO:0005737	GO:0016853	GO:0042026	GO:0046872
O25750	GO:0009279	GO:0016020
O25751	GO:0017038	GO:0042597	GO:0051301
O25753	GO:0016020
O25754	GO:0005886	GO:0015031	GO:0016020	GO:0022857	GO:0055085
O25755	GO:0005886	GO:0015031	GO:0016020
O25756	GO:0006754	GO:0006811	GO:0015986	GO:0016020	GO:0046933	GO:1902600
O25757	GO:0006754	GO:0006811	GO:0012505	GO:0015078	GO:0015986	GO:0016020	GO:0045259	GO:1902600
O25758	GO:0003677	GO:0007059
O25759	GO:0000166	GO:0005524	GO:0046872
O25760	GO:0004077	GO:0016874	GO:0036211
O25764	GO:0004540
O25766	GO:0005737	GO:0006400	GO:0008033	GO:0008168	GO:0016740	GO:0032259	GO:0052906
O25767	GO:0005737	GO:0005840	GO:0006364	GO:0042254	GO:0042274	GO:0043022
O25768	GO:0003723	GO:0005515
O25769	GO:0005737	GO:0006417	GO:0044780	GO:0044781
O25770	GO:0005886	GO:0005975	GO:0008360	GO:0009252	GO:0016020	GO:0016740	GO:0016757	GO:0016758	GO:0030259	GO:0050511	GO:0051301	GO:0051991	GO:0071555	GO:1901137
O25772	GO:0005515
O25773	GO:0004735	GO:0005737	GO:0006561	GO:0008652	GO:0016491	GO:0055129
O25774	GO:0000166	GO:0005524	GO:0016740	GO:0016779	GO:0046872
O25775	GO:0004222	GO:0004518	GO:0004519	GO:0004521	GO:0005737	GO:0006364	GO:0008270	GO:0016787	GO:0042254	GO:0046872
O25776	GO:0010181
O25777	GO:0016020
O25778	GO:0016020
O25779	GO:0016491	GO:0098869
O25780	GO:0016020	GO:0022857	GO:0055085
O25781	GO:0004347	GO:0005737	GO:0006094	GO:0006096	GO:0016853	GO:0097367	GO:1901135
O25783	GO:0005886	GO:0006865	GO:0016020	GO:0022857	GO:0043190	GO:0055085
O25784	GO:0005886	GO:0016020	GO:0022857	GO:0043190	GO:0055085
O25785	GO:0000166	GO:0003333	GO:0005524	GO:0015424	GO:0016887
O25788	GO:0005354	GO:0005886	GO:0015757	GO:0016020	GO:0022857	GO:0055056	GO:0055085	GO:1904659
O25789	GO:0012505	GO:0015205	GO:0016020	GO:0022857	GO:0055085	GO:1904823
O25792	GO:0005337	GO:0005886	GO:0016020	GO:1901642
O25793	GO:0005886	GO:0016020	GO:0022857	GO:0055085
O25794	GO:0003723	GO:0005737	GO:0006400	GO:0008033	GO:0016740	GO:0046872
O25795	GO:0006811	GO:0006812	GO:0015297	GO:0016020	GO:0055085	GO:1902600
O25796	GO:0005886	GO:0015297	GO:0016020	GO:0042908	GO:0042910	GO:0046677	GO:0055085
O25797	GO:0005886	GO:0008643	GO:0015144	GO:0016020	GO:0022857	GO:0034219	GO:0055085
O25798	GO:0004089	GO:0008270	GO:0016829
O25801	GO:0004073	GO:0006520	GO:0008652	GO:0009067	GO:0009085	GO:0009086	GO:0009088	GO:0009089	GO:0009097	GO:0016491	GO:0016620	GO:0019877	GO:0046983	GO:0050661	GO:0051287	GO:0071266
O25802	GO:0009103	GO:0016740	GO:0016757
O25806	GO:0000287	GO:0000428	GO:0003677	GO:0003899	GO:0005515	GO:0006351	GO:0008270	GO:0016740	GO:0016779	GO:0032549	GO:0034062	GO:0046872
O25807	GO:0000166	GO:0005524	GO:0005886	GO:0006869	GO:0016020	GO:0016887	GO:0055085	GO:0140359
O25808	GO:0003824
O25809	GO:0003676	GO:0008168	GO:0009007	GO:0009307	GO:0016740	GO:0032259
O25810	GO:0004519
O25812	GO:0000287	GO:0003676	GO:0003723	GO:0004654	GO:0005737	GO:0006396	GO:0006402	GO:0016740	GO:0016779	GO:0046872
O25815	GO:0009279	GO:0015920	GO:0019867	GO:0043165	GO:0061024
O25816	GO:0016020
O25817	GO:0000166	GO:0003824	GO:0004637	GO:0005524	GO:0006164	GO:0006189	GO:0009113	GO:0016874	GO:0046872
O25819	GO:0000166	GO:0005524	GO:0016887
O25820	GO:0003824	GO:0046872	GO:0050660	GO:0051536	GO:0071949
O25822	GO:0004852	GO:0006779	GO:0006780	GO:0006782	GO:0016829	GO:0033014
O25823	GO:0005886	GO:0006811	GO:0016020	GO:0034220	GO:0046872	GO:0062054	GO:0140114	GO:1903424
O25824	GO:0003824	GO:0004109	GO:0005737	GO:0006779	GO:0046872	GO:0051536	GO:0051539
O25825	GO:0005506	GO:0009055	GO:0020037	GO:0042597	GO:0046872
O25826	GO:0016462	GO:0016787	GO:0016818
O25827	GO:0000166	GO:0004072	GO:0005524	GO:0008652	GO:0009085	GO:0009088	GO:0009089	GO:0016301	GO:0016740	GO:0019877
O25828	GO:0005515	GO:0042802	GO:0046872
O25829	GO:0005515
O25830	GO:0003824	GO:0004156	GO:0009396	GO:0016491	GO:0016740	GO:0042558	GO:0046654	GO:0046656	GO:0046872
O25832	GO:0005886	GO:0016020
O25833	GO:0016020
O25835	GO:0000166	GO:0004088	GO:0004359	GO:0005524	GO:0006207	GO:0006221	GO:0006526	GO:0006541	GO:0008652	GO:0016874	GO:0044205
O25836	GO:0004328	GO:0016787
O25837	GO:0016020
O25838	GO:0005737	GO:0009117	GO:0016462	GO:0016787	GO:0047429
O25841	GO:0003677	GO:0003697	GO:0005515	GO:0006260	GO:0006281	GO:0006310	GO:0006974
O25842	GO:0003677	GO:0003887	GO:0005515	GO:0006260	GO:0016740	GO:0016779	GO:0071897
O25844	GO:0005886	GO:0016020	GO:0055085
O25845	GO:0042597	GO:0043190	GO:0055085
O25847	GO:0005886	GO:0009306	GO:0015031	GO:0015450	GO:0016020
O25848	GO:0016020
O25849	GO:0005737	GO:0016740	GO:0034979	GO:0036054	GO:0036055	GO:0070403
O25850	GO:0005886	GO:0008137	GO:0016020	GO:0048038	GO:1902600
O25851	GO:0005506	GO:0005886	GO:0008137	GO:0016020	GO:0046872	GO:0048038	GO:0050136	GO:0051536	GO:0051539
O25852	GO:0005515	GO:0008137	GO:0016651	GO:0048038	GO:1902600
O25853	GO:0005886	GO:0016020	GO:0016651	GO:0048038	GO:0050136	GO:0051287
O25856	GO:0016491	GO:0046872	GO:0051536	GO:0051539
O25857	GO:0005886	GO:0016020	GO:0016655	GO:0048038
O25858	GO:0005506	GO:0005886	GO:0016020	GO:0016651	GO:0046872	GO:0048038	GO:0050136	GO:0051536	GO:0051539
O25859	GO:0005886	GO:0008137	GO:0016020	GO:0048038	GO:1902600
O25860	GO:0005886	GO:0016020	GO:0016651	GO:0042773	GO:0048038	GO:0050136
O25861	GO:0008137	GO:0012505	GO:0016020	GO:0042773
O25862	GO:0008137	GO:0012505	GO:0016020	GO:0042773
O25863	GO:0005886	GO:0008137	GO:0012505	GO:0016020	GO:0042773	GO:0048038	GO:0050136	GO:1902600
O25865	GO:0000287	GO:0005975	GO:0016853	GO:0016868	GO:0046872
O25867	GO:0000162	GO:0003824	GO:0004425	GO:0004640	GO:0006568	GO:0008652	GO:0009073	GO:0016829	GO:0016831	GO:0016853
O25868	GO:0000162	GO:0004049	GO:0008652	GO:0009073	GO:0016829
O25869	GO:0000162	GO:0004049	GO:0008652	GO:0009058	GO:0009073	GO:0016829	GO:0046872
O25870	GO:0016020	GO:0016740	GO:0016757
O25871	GO:0016740	GO:0016757
O25872	GO:0009279
O25873	GO:0052151
O25874	GO:0006772	GO:0006790	GO:0009229	GO:0044281	GO:0050334
O25876	GO:0016020
O25877	GO:0005886	GO:0016020	GO:0034257	GO:0034258
O25878	GO:0000166	GO:0004788	GO:0005524	GO:0006772	GO:0009229	GO:0016301	GO:0016740
O25879	GO:0005886	GO:0006605	GO:0015031	GO:0016020	GO:0043952	GO:0065002
O25880	GO:0005524
O25883	GO:0003824	GO:0004333	GO:0005737	GO:0006099	GO:0006106	GO:0016829
O25885	GO:0015562	GO:0055085
O25887	GO:0005886	GO:0006812	GO:0008324	GO:0016020	GO:0022857	GO:0042908	GO:0055085	GO:0098655
O25888	GO:0005886	GO:0016020
O25889	GO:0005886	GO:0016020
O25890	GO:0005524	GO:0005737	GO:0006260	GO:0006457	GO:0008270	GO:0009408	GO:0031072	GO:0046872	GO:0051082
O25892	GO:0004540
O25893	GO:0000049	GO:0000166	GO:0003723	GO:0005524	GO:0005737	GO:0006400	GO:0008033	GO:0016740	GO:0016783	GO:0103016
O25895	GO:0000166	GO:0003824	GO:0004515	GO:0005524	GO:0009058	GO:0009165	GO:0009435	GO:0016740	GO:0016779	GO:0019363	GO:0070566
O25896	GO:0000976	GO:0001217	GO:0003677	GO:0003700	GO:0006355	GO:0010045	GO:0016151	GO:0032993	GO:0042802	GO:0043565	GO:0045892	GO:0046872
O25897	GO:0005886	GO:0015031	GO:0016020	GO:0055085
O25898	GO:0005886	GO:0015031	GO:0016020	GO:0022857	GO:0055085
O25899	GO:0005886	GO:0015031	GO:0015891	GO:0016020	GO:0030288	GO:0031992	GO:0055085
O25900	GO:0016020
O25901	GO:0005886	GO:0006811	GO:0006824	GO:0015087	GO:0015095	GO:0015693	GO:0016020	GO:0030001	GO:0035444	GO:0046873	GO:0055085	GO:1903830
O25902	GO:0000166	GO:0006006	GO:0016491	GO:0016620	GO:0050661	GO:0051287
O25903	GO:0003841	GO:0005886	GO:0006629	GO:0008654	GO:0016020	GO:0016024	GO:0016740	GO:0016746
O25904	GO:0016020
O25905	GO:0006508	GO:0008233	GO:0008236	GO:0016787
O25907	GO:0003676	GO:0003677	GO:0008168	GO:0008170	GO:0016740	GO:0032259
O25908	GO:0003677	GO:0008168	GO:0008170	GO:0016740	GO:0032259
O25909	GO:0004514	GO:0009435	GO:0016740	GO:0016757	GO:0016763	GO:0019363
O25910	GO:0005737	GO:0008987	GO:0009435	GO:0016740	GO:0016765	GO:0019363	GO:0019805	GO:0046872	GO:0051536	GO:0051539
O25911	GO:0004609	GO:0005886	GO:0006629	GO:0006646	GO:0008654	GO:0016020	GO:0016829	GO:0016831
O25912	GO:0016020
O25914	GO:0016020	GO:0016765
O25915	GO:0005886	GO:0016020
O25916	GO:0000166	GO:0003677	GO:0003678	GO:0004386	GO:0005524	GO:0006260	GO:0006269	GO:0016787	GO:0016853	GO:0016887	GO:0042802	GO:0043139	GO:1990077
O25917	GO:0000155	GO:0000160	GO:0004673	GO:0007165	GO:0016020	GO:0016301	GO:0016740
O25918	GO:0000160	GO:0003677	GO:0006355
O25920	GO:0003676	GO:0003677	GO:0008168	GO:0008170	GO:0032259
O25921	GO:0003677	GO:0008168	GO:0008170	GO:0009307	GO:0015667	GO:0016740	GO:0032259
O25922	GO:0003677	GO:0008168	GO:0008170	GO:0016740	GO:0032259
O25923	GO:0003677	GO:0005524	GO:0016787
O25924	GO:0008360
O25925	GO:0000166	GO:0000902	GO:0005524	GO:0005737	GO:0008360
O25926	GO:0000166	GO:0005524	GO:0006457	GO:0008270	GO:0016887	GO:0046872	GO:0046983	GO:0051082	GO:0140662
O25927	GO:0005737	GO:0006629	GO:0008610	GO:0008780	GO:0009245	GO:0016020	GO:0016740	GO:0016746
O25928	GO:0005737	GO:0006629	GO:0006633	GO:0009245	GO:0016020	GO:0016829	GO:0016836	GO:0019171
O25929	GO:0005737	GO:0006417	GO:0044780	GO:0044781
O25930	GO:0009279	GO:0016020
O25931	GO:0004665	GO:0006571	GO:0008977	GO:0016491	GO:0070403
O25932	GO:0016020
O25933	GO:0003676	GO:0016787	GO:0046872
O25934	GO:0003677	GO:0009307
O25936	GO:0000287	GO:0005737	GO:0005975	GO:0006094	GO:0016787	GO:0016791	GO:0042132	GO:0046872
O25937	GO:0003676	GO:0003677	GO:0003887	GO:0004527	GO:0006260	GO:0016020	GO:0071897
O25943	GO:0000166	GO:0005524	GO:0006281	GO:0006310	GO:0006974	GO:0016887
O25944	GO:0000166	GO:0003951	GO:0005524	GO:0005737	GO:0006741	GO:0016301	GO:0016740	GO:0019674	GO:0046872	GO:0051287
O25948	GO:0000286	GO:0016491	GO:0042853
O25949	GO:0004053	GO:0006525	GO:0016787	GO:0016813	GO:0019547	GO:0046872
O25950	GO:0009279	GO:0016020
O25952	GO:0000166	GO:0003677	GO:0004518	GO:0004519	GO:0005524	GO:0006304	GO:0009035	GO:0009307	GO:0016787
O25953	GO:0003676	GO:0003677	GO:0008168	GO:0008170	GO:0009007	GO:0009307	GO:0016740	GO:0032259
O25954	GO:0003677	GO:0009307
O25956	GO:0003824	GO:0004076	GO:0005506	GO:0009102	GO:0016740	GO:0042364	GO:0044272	GO:0046872	GO:0051536	GO:0051537	GO:0051539
O25957	GO:0005886	GO:0016020
O25959	GO:0005737	GO:0006400	GO:0008616	GO:0016491	GO:0033739	GO:0046857
O25960	GO:0005737	GO:0006417	GO:0017148	GO:0042256	GO:0090071
O25961	GO:0000166	GO:0005524	GO:0008033	GO:0016740	GO:0016765	GO:0052381
O25962	GO:0016757
O25963	GO:0005737	GO:0008360	GO:0008762	GO:0009252	GO:0016491	GO:0050660	GO:0051301	GO:0071555
O25965	GO:0016887
O25966	GO:0000049	GO:0003723	GO:0006412	GO:0019843
O25969	GO:0016020
O25970	GO:0000049	GO:0002935	GO:0003824	GO:0005737	GO:0006364	GO:0008033	GO:0008168	GO:0008173	GO:0016740	GO:0019843	GO:0030488	GO:0032259	GO:0046872	GO:0051536	GO:0051539	GO:0070040	GO:0070475
O25971	GO:0000166	GO:0005524	GO:0005975	GO:0016853	GO:0097367	GO:1901135
O25972	GO:0000154	GO:0000179	GO:0003723	GO:0005737	GO:0006364	GO:0008168	GO:0016433	GO:0016740	GO:0032259	GO:0052908
O25974	GO:0003676	GO:0008168	GO:0032259
O25975	GO:0006164	GO:0006189	GO:0006730	GO:0008864	GO:0009058	GO:0009152	GO:0016787
O25976	GO:0006508	GO:0008233	GO:0008236	GO:0016787
O25977	GO:0016020
O25980	GO:0016020
O25982	GO:0003755	GO:0006457	GO:0016853
O25983	GO:0003723	GO:0005737	GO:0006109	GO:0006402	GO:0006417	GO:0044781	GO:0045947	GO:0048027	GO:1902208
O25984	GO:0000166	GO:0005524	GO:0008299	GO:0016114	GO:0016301	GO:0016740	GO:0019288	GO:0050515
O25985	GO:0003723	GO:0005737	GO:0070929
O25986	GO:0005886	GO:0015031	GO:0016020	GO:0055085
O25988	GO:0005886	GO:0016020
O25989	GO:0005886	GO:0015031	GO:0016020	GO:0032977	GO:0051205
O25990	GO:0003723	GO:0005515
O25991	GO:0000166	GO:0003924	GO:0005525	GO:0005737	GO:0006400	GO:0008033	GO:0016787	GO:0046872
O25997	GO:0004601	GO:0009055	GO:0016491	GO:0020037	GO:0042597	GO:0046872	GO:0098869
O25998	GO:0005515
O26000	GO:0016020
O26001	GO:0000166	GO:0005524	GO:0016887
O26002	GO:0016020	GO:0043190
O26004	GO:0003824	GO:0004084	GO:0008483	GO:0008652	GO:0009081	GO:0009082	GO:0009097	GO:0009098	GO:0009099	GO:0016740	GO:0052654	GO:0052655	GO:0052656
O26006	GO:0003677	GO:0009307
O26007	GO:0003677	GO:0004518	GO:0008168	GO:0008170	GO:0009307	GO:0016740	GO:0016787	GO:0016788	GO:0032259
O26008	GO:0046872
O26009	GO:0000166	GO:0004798	GO:0005515	GO:0005524	GO:0006233	GO:0006235	GO:0009165	GO:0016301	GO:0016740
O26010	GO:0000166	GO:0003824	GO:0004595	GO:0005524	GO:0005737	GO:0009058	GO:0015937	GO:0016740	GO:0016779
O26011	GO:0003824	GO:0004659	GO:0016740	GO:0106141
O26012	GO:0042597	GO:0044780	GO:0044781
O26013	GO:0000166	GO:0003677	GO:0003678	GO:0004386	GO:0005524	GO:0016787	GO:0016853	GO:0016887	GO:0042802
O26014	GO:0016020
O26015	GO:0016787	GO:0016811
O26016	GO:0004518	GO:0004527	GO:0005737	GO:0006308	GO:0008855	GO:0009318	GO:0016787
O26017	GO:0006744	GO:0008168	GO:0008425	GO:0009234	GO:0016740	GO:0032259	GO:0042181	GO:0043770
O26018	GO:0005886	GO:0006782	GO:0016020	GO:0016491	GO:0046872	GO:0070818
O26020	GO:0005886	GO:0016020	GO:0055085	GO:0140359
O26021	GO:0005886	GO:0016020	GO:0055085	GO:0140359
O26022	GO:0009279	GO:0015562	GO:0055085
O26023	GO:0005886	GO:0016020	GO:0050660
O26024	GO:0005315	GO:0005886	GO:0006817	GO:0016020
O26025	GO:0005506	GO:0016226	GO:0051536
O26027	GO:0000166	GO:0000287	GO:0004326	GO:0005524	GO:0005737	GO:0008360	GO:0008765	GO:0009058	GO:0009252	GO:0009396	GO:0016874	GO:0016881	GO:0046901	GO:0051301	GO:0071555
O26028	GO:0005886	GO:0016020
O26029	GO:0003824	GO:0006793
O26032	GO:0016020
O26033	GO:0000166	GO:0005515	GO:0005524	GO:0005886	GO:0006812	GO:0012505	GO:0016020	GO:0016887	GO:0019829	GO:0035434	GO:0046872	GO:0098655
O26034	GO:0003676	GO:0008168	GO:0008170	GO:0008757	GO:0032259
O26035	GO:0003824	GO:0008703	GO:0009231
O26036	GO:0005886	GO:0006811	GO:0006814	GO:0006865	GO:0015293	GO:0015501	GO:0015813	GO:0016020	GO:0055085
O26037	GO:0005524
O26038	GO:0016020	GO:0046872	GO:0051536	GO:0051539
O26039	GO:0005886	GO:0006629	GO:0006644	GO:0008654	GO:0016020	GO:0016740	GO:0043772
O26040	GO:0004150	GO:0006760
O26042	GO:0009279	GO:0016020	GO:0033214
O26043	GO:0001514	GO:0001717	GO:0004125	GO:0005737	GO:0006412	GO:0016740
O26045	GO:0016020
O26046	GO:0003676	GO:0006304	GO:0008168	GO:0009007	GO:0016740	GO:0032259
O26050	GO:0003677	GO:0005524	GO:0006259	GO:0015668	GO:0016787
O26051	GO:0000166	GO:0003676	GO:0003677	GO:0004386	GO:0005524	GO:0006281	GO:0006310	GO:0006974	GO:0016787	GO:0016853	GO:0016887
O26054	GO:0003677	GO:0003824	GO:0004518	GO:0004519	GO:0006281	GO:0008311	GO:0046872
O26057	GO:0000166	GO:0003677	GO:0003688	GO:0005515	GO:0005524	GO:0005737	GO:0005886	GO:0006260	GO:0006270	GO:0006275	GO:0008289	GO:0016020	GO:0016887	GO:0043565
O26058	GO:0003824	GO:0005515	GO:0009116
O26060	GO:0004360	GO:0005737	GO:0005975	GO:0008483	GO:0016740	GO:0097367	GO:1901135	GO:1901137
O26061	GO:0006231	GO:0006235	GO:0008168	GO:0009165	GO:0016740	GO:0032259	GO:0050660	GO:0050797
O26064	GO:0009055	GO:0016020	GO:0016491	GO:0022904	GO:0046872
O26065	GO:0016020	GO:0046872	GO:0051536	GO:0051537
O26066	GO:0000166	GO:0000716	GO:0003676	GO:0003677	GO:0003684	GO:0004386	GO:0005524	GO:0005737	GO:0006281	GO:0006355	GO:0006974	GO:0016787
O26067	GO:0005515
O26068	GO:0016020	GO:0046872
O26069	GO:0016020
O26070	GO:0004326	GO:0005524	GO:0006761	GO:0008841	GO:0009058	GO:0009396	GO:0016874	GO:0016881	GO:0046654	GO:0046872	GO:0046901
O26071	GO:0019867	GO:0043165
O26072	GO:0016020
O26073	GO:0005886	GO:0006605	GO:0006886	GO:0015031	GO:0015450	GO:0016020	GO:0043952	GO:0065002
O26074	GO:0005886	GO:0006605	GO:0006886	GO:0015031	GO:0015450	GO:0016020	GO:0022857	GO:0043952	GO:0055085	GO:0065002
O26075	GO:0005886	GO:0015031	GO:0016020
O26076	GO:0005886	GO:0006811	GO:0006814	GO:0006885	GO:0015081	GO:0015297	GO:0016020	GO:0035725	GO:0055085
O26077	GO:0000166	GO:0003677	GO:0003678	GO:0004386	GO:0005524	GO:0016787	GO:0016853
O26078	GO:0008658	GO:0016020	GO:0051301
O26080	GO:0009288	GO:0009425	GO:0030694	GO:0071973
O26081	GO:0005515	GO:0009288	GO:0009425	GO:0030694	GO:0071973
O26084	GO:0016020
O26085	GO:0005886	GO:0008360	GO:0008658	GO:0009002	GO:0009252	GO:0016020	GO:0071555
O26086	GO:0016020
O26087	GO:0000166	GO:0000917	GO:0005525	GO:0046872	GO:0051301	GO:0090529
O26088	GO:0001530	GO:0015920	GO:0042597	GO:0046836
O26089	GO:0016020
O26090	GO:0009103	GO:0016787	GO:0016788	GO:0019143	GO:0046872
O26091	GO:0000270	GO:0005886	GO:0008932	GO:0016020	GO:0016829	GO:0042834	GO:0071555
O26093	GO:0004536	GO:0006259	GO:0016788	GO:0046872
O26094	GO:0004746	GO:0009231	GO:0016740
O26095	GO:0009306	GO:0016020
O26096	GO:0000166	GO:0005524	GO:0005886	GO:0006865	GO:0016020	GO:0016887	GO:0033232	GO:0048473
O26097	GO:0005886	GO:0016020	GO:0055085
O26098	GO:0016757
O26100	GO:0016020
O26101	GO:0005886	GO:0016020	GO:0016740	GO:0016780	GO:0046872
O26102	GO:0005737	GO:0008615	GO:0016740	GO:0016769	GO:0033856
O26103	GO:0000287	GO:0005737	GO:0008270	GO:0008615	GO:0016491	GO:0042823	GO:0046872	GO:0050570	GO:0050897	GO:0051287
O26104	GO:0009288	GO:0009425	GO:0009426	GO:0071973
O26105	GO:0016020
O34461	GO:0005515
O34491	GO:0003677	GO:0006310	GO:0032196	GO:0046872
O34540	GO:0016020
O34550	GO:0003677	GO:0004803	GO:0006313
O34754	GO:0003677	GO:0004803	GO:0005515	GO:0006313
O34810	GO:0005515
O34945	GO:0003677	GO:0006310	GO:0032196	GO:0046872
P0A0Q7	GO:0016787	GO:0016790
P0A0R3	GO:0005524	GO:0005737	GO:0006457	GO:0042802	GO:0044183
P0A0S1	GO:0005198	GO:0005576	GO:0009288	GO:0071978
P0A0S3	GO:0005886	GO:0009288	GO:0009306	GO:0009425	GO:0016020	GO:0044780
P0A0U4	GO:0008270	GO:0016151	GO:0036211	GO:0046872	GO:0051604
P0A0V0	GO:0009279	GO:0016020
P0A0V6	GO:0005515	GO:0046872
P0A0X4	GO:0000049	GO:0003723	GO:0003735	GO:0005515	GO:0005840	GO:0006412	GO:0015935	GO:0019843	GO:0046677	GO:1990904
P0DUM4	GO:0005886	GO:0008289	GO:0008360	GO:0016020
P0DUM5	GO:0005886	GO:0016020
P14916	GO:0005515	GO:0005737	GO:0009039	GO:0016151	GO:0016787	GO:0035550	GO:0043419
P21762	GO:0004601	GO:0005737	GO:0016209	GO:0016491	GO:0051920	GO:0098869	GO:0102039
P25177	GO:0000287	GO:0005975	GO:0008966	GO:0016853	GO:0016868	GO:0046872
P25178	GO:0004190	GO:0005886	GO:0006508	GO:0008233	GO:0016020	GO:0016787
P41259	GO:0000166	GO:0004812	GO:0004817	GO:0005524	GO:0005737	GO:0006412	GO:0006418	GO:0006423	GO:0008270	GO:0016874	GO:0046872
P42383	GO:0000166	GO:0005524	GO:0005737	GO:0006457	GO:0016853	GO:0042026	GO:0051082	GO:0140662
P42445	GO:0000166	GO:0003677	GO:0003684	GO:0003697	GO:0005524	GO:0005737	GO:0006259	GO:0006281	GO:0006310	GO:0006974	GO:0008094	GO:0009432	GO:0016887	GO:0140664
P43312	GO:0004784	GO:0006801	GO:0016491	GO:0019430	GO:0046872	GO:0071281
P43313	GO:0005737	GO:0006879	GO:0008199	GO:0016491	GO:0016722	GO:0046872
P48285	GO:0000015	GO:0000287	GO:0004634	GO:0005576	GO:0005737	GO:0006096	GO:0009986	GO:0016829	GO:0046872
P48370	GO:0000166	GO:0003677	GO:0003916	GO:0003918	GO:0005524	GO:0005694	GO:0005737	GO:0006259	GO:0006261	GO:0006265	GO:0016853	GO:0034335
P50610	GO:0009288	GO:0009425	GO:0044781
P52093	GO:0005737	GO:0006826	GO:0006879	GO:0008199	GO:0016491	GO:0046872
P55834	GO:0003735	GO:0005515	GO:0005737	GO:0005840	GO:0006412	GO:1990904
P55969	GO:0009279	GO:0016020
P55970	GO:0000774	GO:0005737	GO:0006457	GO:0042803	GO:0051087
P55971	GO:0000166	GO:0004365	GO:0005737	GO:0006006	GO:0006096	GO:0016491	GO:0016620	GO:0050661	GO:0051287
P55972	GO:0000166	GO:0003743	GO:0003924	GO:0005525	GO:0005737	GO:0006412	GO:0006413
P55973	GO:0003743	GO:0005737	GO:0006412	GO:0006413
P55975	GO:0003746	GO:0005737	GO:0006412	GO:0006414
P55976	GO:0006353	GO:0006354	GO:0031564	GO:0032784	GO:0140673
P55977	GO:0003676	GO:0003700	GO:0003723	GO:0005737	GO:0006353	GO:0031554	GO:0031564
P55979	GO:0004601	GO:0016209	GO:0016491	GO:0098869	GO:0140824
P55980	GO:0005515	GO:0019534	GO:0044071	GO:0055085	GO:0060090
P55981	GO:0005576	GO:0009279	GO:0009986	GO:0016020	GO:0035821	GO:0042597	GO:0090729
P55982	GO:0000166	GO:0003824	GO:0004748	GO:0005524	GO:0009263	GO:0016491
P55983	GO:0004748	GO:0009263	GO:0016491	GO:0046872
P55984	GO:0000287	GO:0004659	GO:0016740	GO:0016765	GO:0046872
P55985	GO:0001522	GO:0003723	GO:0006396	GO:0008033	GO:0009451	GO:0009982	GO:0016853	GO:0031119	GO:0140098	GO:0160150
P55986	GO:0000455	GO:0001522	GO:0003723	GO:0009451	GO:0009982	GO:0016853	GO:0016866	GO:0120159
P55987	GO:0000166	GO:0005524	GO:0005886	GO:0006754	GO:0006811	GO:0015986	GO:0016020	GO:0032559	GO:0045259	GO:0046034	GO:0046933	GO:1902600
P55988	GO:0000166	GO:0005524	GO:0005886	GO:0006754	GO:0006811	GO:0015986	GO:0016020	GO:0016887	GO:0045259	GO:0046034	GO:0046933	GO:1902600
P55989	GO:0000166	GO:0005524	GO:0005886	GO:0006811	GO:0006812	GO:0006825	GO:0016020	GO:0016887	GO:0019829	GO:0035434	GO:0043682	GO:0046872	GO:0098655
P55990	GO:0004353	GO:0004354	GO:0006520	GO:0016491	GO:0016639
P55991	GO:0003677	GO:0003916	GO:0003917	GO:0005515	GO:0005694	GO:0006265	GO:0008270	GO:0016853	GO:0046872
P55992	GO:0000166	GO:0003677	GO:0003916	GO:0003918	GO:0005524	GO:0005694	GO:0005737	GO:0006261	GO:0006265	GO:0016853	GO:0046872
P55993	GO:0003677	GO:0003700	GO:0005515	GO:0005737	GO:0006352	GO:0006355	GO:0010468	GO:0016987	GO:2000142
P55994	GO:0000166	GO:0005524	GO:0006457	GO:0051082	GO:0140662
P55995	GO:0000166	GO:0004176	GO:0004252	GO:0005524	GO:0005737	GO:0006508	GO:0006515	GO:0008233	GO:0008236	GO:0016787	GO:0016887	GO:0030163	GO:0034605	GO:0043565
P55996	GO:0002949	GO:0005506	GO:0005737	GO:0006400	GO:0008033	GO:0016740	GO:0016746	GO:0016747	GO:0046872	GO:0061711	GO:0070525
P55997	GO:0000049	GO:0001682	GO:0003723	GO:0004518	GO:0004519	GO:0004526	GO:0008033	GO:0016787
P55998	GO:0003747	GO:0005737	GO:0006412	GO:0006415	GO:0016149
P55999	GO:0003747	GO:0005737	GO:0006412	GO:0006415	GO:0016149
P56000	GO:0000166	GO:0002161	GO:0004812	GO:0004832	GO:0005524	GO:0005737	GO:0006412	GO:0006418	GO:0006438	GO:0016874	GO:0106074
P56001	GO:0000428	GO:0003677	GO:0003899	GO:0005737	GO:0006351	GO:0016740	GO:0016779	GO:0034062	GO:0046983
P56002	GO:0000166	GO:0003746	GO:0003924	GO:0005525	GO:0005737	GO:0006412	GO:0006414
P56003	GO:0000166	GO:0003746	GO:0003924	GO:0005525	GO:0005737	GO:0006412	GO:0006414
P56004	GO:0003746	GO:0005737	GO:0006412	GO:0006414	GO:0043043
P56005	GO:0000166	GO:0003723	GO:0003924	GO:0005525	GO:0005737	GO:0006612	GO:0006614	GO:0008312	GO:0016787	GO:0016887	GO:0048500	GO:1990904
P56006	GO:0005515	GO:0008260	GO:0008410	GO:0016740
P56007	GO:0005515	GO:0008260	GO:0008410	GO:0016740
P56008	GO:0003676	GO:0003723	GO:0003735	GO:0005840	GO:0006412	GO:1990904
P56009	GO:0003735	GO:0005840	GO:0006412	GO:0015935	GO:1990904
P56010	GO:0003676	GO:0003723	GO:0003729	GO:0003735	GO:0005840	GO:0006412	GO:0019843	GO:1990904
P56011	GO:0003723	GO:0003735	GO:0005840	GO:0006412	GO:0015935	GO:0019843	GO:1990904
P56013	GO:0003723	GO:0003735	GO:0005515	GO:0005737	GO:0005840	GO:0006412	GO:0019843	GO:1990904
P56018	GO:0003723	GO:0003735	GO:0005840	GO:0006412	GO:0019843	GO:1990904
P56020	GO:0000049	GO:0003676	GO:0003723	GO:0003735	GO:0005840	GO:0006412	GO:0019843	GO:1990904
P56021	GO:0003723	GO:0003735	GO:0005737	GO:0005840	GO:0006412	GO:0008270	GO:0019843	GO:0046872	GO:1990904
P56022	GO:0003723	GO:0003735	GO:0005737	GO:0005840	GO:0006412	GO:0019843	GO:1990904
P56023	GO:0003735	GO:0005737	GO:0005840	GO:0006412	GO:1990904
P56026	GO:0003723	GO:0003735	GO:0005737	GO:0005840	GO:0006412	GO:0015935	GO:0019843	GO:1990904
P56027	GO:0003723	GO:0003735	GO:0005840	GO:0006412	GO:0019843	GO:1990904
P56028	GO:0003735	GO:0005840	GO:0006412	GO:1990904
P56029	GO:0000049	GO:0003723	GO:0003735	GO:0005840	GO:0006412	GO:0006417	GO:0015934	GO:0019843	GO:0042742	GO:1990904
P56030	GO:0003723	GO:0003735	GO:0005840	GO:0006412	GO:0015934	GO:0016740	GO:0019843	GO:1990904
P56031	GO:0003723	GO:0003735	GO:0005840	GO:0006412	GO:0019843	GO:1990904
P56032	GO:0003723	GO:0003735	GO:0005840	GO:0006412	GO:0019843	GO:1990904
P56033	GO:0000049	GO:0003723	GO:0003735	GO:0005840	GO:0006412	GO:0019843	GO:1990904
P56034	GO:0003723	GO:0003735	GO:0005840	GO:0006412	GO:0019843	GO:1990904
P56035	GO:0003723	GO:0003735	GO:0005840	GO:0006412	GO:0019843	GO:1990904
P56036	GO:0003723	GO:0003735	GO:0005515	GO:0005840	GO:0006412	GO:0015934	GO:0019843	GO:0070180	GO:1990904
P56038	GO:0003735	GO:0005840	GO:0006412	GO:1990904
P56039	GO:0003723	GO:0003735	GO:0005515	GO:0005840	GO:0006412	GO:0015934	GO:0019843	GO:1990904
P56040	GO:0003723	GO:0003735	GO:0005840	GO:0006412	GO:0015934	GO:0019843	GO:1990904
P56041	GO:0000049	GO:0003723	GO:0003735	GO:0005840	GO:0006412	GO:0019843	GO:1990904
P56042	GO:0003735	GO:0005840	GO:0006412	GO:1990904
P56043	GO:0003723	GO:0003735	GO:0005737	GO:0005840	GO:0006412	GO:0019843	GO:1990904
P56044	GO:0003735	GO:0005840	GO:0006412	GO:1990904
P56045	GO:0000027	GO:0003723	GO:0003735	GO:0005840	GO:0006412	GO:0019843	GO:1990904
P56046	GO:0003723	GO:0003735	GO:0005737	GO:0005840	GO:0006412	GO:0019843	GO:1990904
P56047	GO:0003723	GO:0003735	GO:0005840	GO:0006412	GO:0015934	GO:0019843	GO:1990904
P56049	GO:0003723	GO:0003735	GO:0005840	GO:0006412	GO:0019843	GO:1990904
P56050	GO:0003735	GO:0005840	GO:0006412	GO:1990904
P56052	GO:0003735	GO:0005840	GO:0006412	GO:1990904
P56054	GO:0003735	GO:0005840	GO:0006412	GO:0015934	GO:1990904
P56058	GO:0003735	GO:0005737	GO:0005840	GO:0006412	GO:1990904
P56059	GO:0000166	GO:0003723	GO:0003924	GO:0005525	GO:0005737	GO:0005886	GO:0016020	GO:0019843	GO:0042254	GO:0042274	GO:0070181
P56060	GO:0005737	GO:0008676	GO:0009058	GO:0009103	GO:0016740	GO:0019294
P56061	GO:0000166	GO:0003824	GO:0004592	GO:0005524	GO:0005737	GO:0009058	GO:0015940	GO:0016874
P56062	GO:0004108	GO:0005737	GO:0006099	GO:0016740	GO:0036440	GO:0046912
P56063	GO:0000287	GO:0004450	GO:0006097	GO:0006099	GO:0016491	GO:0016616	GO:0046872	GO:0051287
P56064	GO:0000428	GO:0003677	GO:0003899	GO:0006260	GO:0006269	GO:0008270	GO:0016740	GO:0016779	GO:0046872	GO:1990077
P56065	GO:0004068	GO:0005737	GO:0006523	GO:0015940	GO:0016829	GO:0016831
P56066	GO:0006508	GO:0030163
P56067	GO:0004124	GO:0006535	GO:0008652	GO:0016740	GO:0016765	GO:0019344
P56068	GO:0008360	GO:0008881	GO:0009252	GO:0016853	GO:0016855	GO:0047661	GO:0071555
P56069	GO:0003962	GO:0005737	GO:0008652	GO:0009086	GO:0016740	GO:0019346	GO:0030170
P56070	GO:0000166	GO:0003824	GO:0005524	GO:0006094	GO:0008986	GO:0016301	GO:0016740	GO:0016772	GO:0046872
P56071	GO:0000049	GO:0000166	GO:0003723	GO:0004812	GO:0004829	GO:0005524	GO:0005737	GO:0006412	GO:0006418	GO:0006435	GO:0016874	GO:0043039	GO:0046872	GO:0140101
P56072	GO:0003941	GO:0006094	GO:0016829	GO:0046872	GO:0051536	GO:0051539
P56073	GO:0000166	GO:0000287	GO:0004765	GO:0005524	GO:0005737	GO:0008652	GO:0009073	GO:0009423	GO:0016301	GO:0016740	GO:0019752	GO:0046872
P56074	GO:0004655	GO:0006779	GO:0006782	GO:0006783	GO:0016829	GO:0033014	GO:0046872
P56075	GO:0000166	GO:0004550	GO:0005524	GO:0005737	GO:0006183	GO:0006228	GO:0006241	GO:0009117	GO:0016301	GO:0016740	GO:0046872
P56076	GO:0004807	GO:0005737	GO:0006094	GO:0006096	GO:0016853
P56077	GO:0000049	GO:0003723	GO:0004045	GO:0005737	GO:0006515	GO:0016787	GO:0072344
P56078	GO:0003723	GO:0003735	GO:0005840	GO:0006412	GO:0008097	GO:0019843	GO:1990904
P56080	GO:0003824	GO:0046872	GO:0051536	GO:0051539
P56081	GO:0000166	GO:0003856	GO:0005737	GO:0008652	GO:0009073	GO:0009423	GO:0016829	GO:0016838	GO:0046872
P56082	GO:0005524	GO:0005886	GO:0006754	GO:0006811	GO:0015986	GO:0016020	GO:0042777	GO:0045259	GO:0046933	GO:1902600
P56084	GO:0005524	GO:0005886	GO:0006754	GO:0006811	GO:0015986	GO:0016020	GO:0045259	GO:0046933	GO:1902600
P56085	GO:0005886	GO:0006754	GO:0006811	GO:0015078	GO:0015986	GO:0016020	GO:0045259	GO:0046933	GO:1902600
P56086	GO:0005886	GO:0006754	GO:0006811	GO:0015078	GO:0015986	GO:0016020	GO:0045259	GO:0046933	GO:1902600
P56087	GO:0005886	GO:0006754	GO:0006811	GO:0008289	GO:0015078	GO:0015986	GO:0016020	GO:0033177	GO:0045259	GO:0046933	GO:1902600
P56088	GO:0000166	GO:0003824	GO:0003938	GO:0006164	GO:0006177	GO:0016491	GO:0046872
P56089	GO:0004372	GO:0005737	GO:0006545	GO:0006730	GO:0008652	GO:0016740	GO:0019264	GO:0030170	GO:0035999
P56096	GO:0005886	GO:0008360	GO:0008955	GO:0009252	GO:0015836	GO:0016020	GO:0016740	GO:0016757	GO:0051301	GO:0071555
P56097	GO:0000166	GO:0000917	GO:0003924	GO:0005525	GO:0005737	GO:0032153	GO:0043093	GO:0051258	GO:0051301	GO:0090529
P56098	GO:0005886	GO:0008360	GO:0008955	GO:0009252	GO:0015836	GO:0016020	GO:0016740	GO:0016757	GO:0051301	GO:0071555
P56102	GO:0004177	GO:0004239	GO:0006508	GO:0008233	GO:0008235	GO:0016787	GO:0046872	GO:0070006
P56103	GO:0000166	GO:0004385	GO:0005524	GO:0005737	GO:0006163	GO:0016301	GO:0016740	GO:0046037	GO:0046710
P56104	GO:0000166	GO:0004017	GO:0005524	GO:0005737	GO:0006139	GO:0009165	GO:0016301	GO:0016740	GO:0019205	GO:0044209	GO:0046940
P56105	GO:0003676	GO:0003677	GO:0003824	GO:0003887	GO:0004518	GO:0004527	GO:0006139	GO:0006259	GO:0006260	GO:0006261	GO:0006281	GO:0006974	GO:0008408	GO:0008409	GO:0016740	GO:0016779	GO:0016787	GO:0034061	GO:0071897	GO:0140640
P56106	GO:0000166	GO:0005524	GO:0005737	GO:0006221	GO:0009041	GO:0016301	GO:0016740	GO:0033862	GO:0044210	GO:0046940
P56107	GO:0004325	GO:0005737	GO:0006779	GO:0006783	GO:0016829	GO:0046872
P56108	GO:0004801	GO:0005737	GO:0005975	GO:0006098	GO:0016740
P56109	GO:0004332	GO:0005975	GO:0006096	GO:0008270	GO:0016829	GO:0016832	GO:0030388	GO:0046872
P56110	GO:0004345	GO:0006006	GO:0006098	GO:0016491	GO:0016614	GO:0050661
P56111	GO:0003824	GO:0004456	GO:0009255	GO:0016829	GO:0016836	GO:0019521	GO:0019752	GO:0046872	GO:0051536	GO:0051539
P56112	GO:0003755	GO:0016853
P56113	GO:0006508	GO:0008033	GO:0008233	GO:0009058	GO:0016787
P56114	GO:0000166	GO:0003824	GO:0005524	GO:0006412	GO:0016874	GO:0030956	GO:0050567
P56115	GO:0005737	GO:0006779	GO:0006782	GO:0008483	GO:0016853	GO:0030170	GO:0033014	GO:0042286
P56116	GO:0000166	GO:0005524	GO:0005737	GO:0006457	GO:0016887	GO:0051082	GO:0140662
P56117	GO:0003824	GO:0005886	GO:0016020	GO:0016740	GO:0030572	GO:0032049
P56118	GO:0003723	GO:0004518	GO:0004519	GO:0004525	GO:0005737	GO:0006364	GO:0006396	GO:0006397	GO:0008033	GO:0016787	GO:0019843	GO:0046872
P56119	GO:0004764	GO:0008652	GO:0009073	GO:0009423	GO:0016491	GO:0019632	GO:0050661
P56120	GO:0000287	GO:0003676	GO:0004518	GO:0004519	GO:0004523	GO:0005737	GO:0006401	GO:0016787	GO:0046872
P56121	GO:0003676	GO:0003723	GO:0004518	GO:0004519	GO:0004523	GO:0005737	GO:0006401	GO:0016787	GO:0030145	GO:0046872
P56122	GO:0004107	GO:0008652	GO:0009073	GO:0009423	GO:0010181	GO:0016829
P56123	GO:0003723	GO:0004518	GO:0004527	GO:0004540	GO:0005737	GO:0008859	GO:0016070	GO:0016787
P56124	GO:0000166	GO:0002161	GO:0004812	GO:0004827	GO:0005524	GO:0005737	GO:0006412	GO:0006418	GO:0006433	GO:0016874	GO:0106074
P56125	GO:0006779	GO:0006782	GO:0008883	GO:0016491	GO:0033014	GO:0050661
P56126	GO:0000166	GO:0000287	GO:0003676	GO:0004812	GO:0004824	GO:0005524	GO:0005737	GO:0006412	GO:0006418	GO:0006430	GO:0016874	GO:0046872
P56127	GO:0000049	GO:0000166	GO:0003723	GO:0004812	GO:0004825	GO:0005524	GO:0005737	GO:0006412	GO:0006418	GO:0006431	GO:0016874	GO:0046872
P56128	GO:0000166	GO:0004812	GO:0004814	GO:0005524	GO:0005737	GO:0006412	GO:0006418	GO:0006420	GO:0016874
P56129	GO:0003824	GO:0008652	GO:0008836	GO:0009085	GO:0009089	GO:0016829	GO:0016831	GO:0030170
P56130	GO:0003824	GO:0006400	GO:0016740	GO:0035596	GO:0046872	GO:0051536	GO:0051539
P56131	GO:0003824	GO:0005737	GO:0006400	GO:0008033	GO:0016740	GO:0035596	GO:0046872	GO:0051536	GO:0051539
P56133	GO:0004719	GO:0005737	GO:0008168	GO:0016740	GO:0030091	GO:0032259	GO:0036211
P56136	GO:0004222	GO:0005886	GO:0006508	GO:0008233	GO:0008237	GO:0016020	GO:0016787	GO:0046872
P56137	GO:0000166	GO:0000287	GO:0004019	GO:0005525	GO:0005737	GO:0006164	GO:0016874	GO:0044208	GO:0046872
P56138	GO:0002098	GO:0005737	GO:0008033	GO:0050660
P56139	GO:0008299	GO:0016491	GO:0019288	GO:0030604	GO:0046872	GO:0070402
P56140	GO:0004418	GO:0006779	GO:0006782	GO:0016740	GO:0033014
P56141	GO:0000162	GO:0004834	GO:0006568	GO:0008652	GO:0009073	GO:0016829
P56142	GO:0000162	GO:0004834	GO:0006568	GO:0008652	GO:0009073	GO:0016829
P56143	GO:0000428	GO:0001216	GO:0003677	GO:0006352	GO:0006355	GO:0016740	GO:0016779	GO:0016987	GO:0045893	GO:2000142
P56144	GO:0001522	GO:0003723	GO:0006396	GO:0008033	GO:0009451	GO:0009982	GO:0016853	GO:0031119	GO:0140098	GO:0160147
P56145	GO:0000049	GO:0000166	GO:0000287	GO:0003723	GO:0004812	GO:0004826	GO:0005524	GO:0005737	GO:0006412	GO:0006432	GO:0016874	GO:0046872
P56146	GO:0000049	GO:0000166	GO:0000287	GO:0004812	GO:0004826	GO:0005524	GO:0005737	GO:0006412	GO:0006432	GO:0016874	GO:0043039	GO:0046872
P56148	GO:0000166	GO:0000725	GO:0003677	GO:0003684	GO:0005524	GO:0006281	GO:0006974	GO:0008270	GO:0016787	GO:0016887	GO:0046872	GO:0140664
P56149	GO:0003824	GO:0006099	GO:0006531	GO:0008797	GO:0016829
P56153	GO:0000287	GO:0004427	GO:0005737	GO:0006796	GO:0016787	GO:0046872
P56154	GO:0000166	GO:0004618	GO:0005524	GO:0005737	GO:0006096	GO:0016301	GO:0016740
P56155	GO:0004590	GO:0006207	GO:0006221	GO:0016829	GO:0016831	GO:0044205
P56156	GO:0004176	GO:0004252	GO:0005737	GO:0006508	GO:0008233	GO:0008236	GO:0016787
P56157	GO:0003824	GO:0003887	GO:0005737	GO:0006260	GO:0008408	GO:0016740	GO:0016779	GO:0034061	GO:0071897
P56162	GO:0000287	GO:0004588	GO:0006221	GO:0016740	GO:0016757	GO:0019856	GO:0044205
P56176	GO:0000166	GO:0003824	GO:0005524	GO:0016829	GO:0016836	GO:0016853	GO:0046496	GO:0046872	GO:0052855	GO:0052856
P56184	GO:0000166	GO:0000287	GO:0004749	GO:0005524	GO:0005737	GO:0006015	GO:0009156	GO:0009165	GO:0016301	GO:0016740	GO:0046872
P56185	GO:0003723	GO:0004518	GO:0004519	GO:0004521	GO:0004527	GO:0004534	GO:0005515	GO:0005737	GO:0006364	GO:0006396	GO:0008270	GO:0016787	GO:0046872	GO:0051289
P56188	GO:0004750	GO:0005975	GO:0006098	GO:0016853	GO:0016857	GO:0019323	GO:0046872
P56189	GO:0003824	GO:0005737	GO:0008360	GO:0008760	GO:0009252	GO:0016740	GO:0016765	GO:0019277	GO:0051301	GO:0071555
P56190	GO:0005886	GO:0009267	GO:0015031	GO:0015833	GO:0016020
P56191	GO:0000166	GO:0003824	GO:0005524	GO:0005737	GO:0008360	GO:0008716	GO:0009252	GO:0016874	GO:0046872	GO:0071555
P56195	GO:0000287	GO:0003824	GO:0005737	GO:0006015	GO:0006018	GO:0008973	GO:0009117	GO:0016853	GO:0030145	GO:0043094	GO:0046872
P56196	GO:0003824	GO:0004619	GO:0005737	GO:0006007	GO:0006096	GO:0016853	GO:0030145	GO:0046872
P56197	GO:0003824	GO:0003866	GO:0005737	GO:0008652	GO:0009073	GO:0009423	GO:0016740	GO:0016765
P56204	GO:0005737	GO:0006364	GO:0008168	GO:0016740	GO:0031167	GO:0032259	GO:0070677
P56214	GO:0003677	GO:0006281	GO:0006310	GO:0006974	GO:0008270	GO:0046872
P56396	GO:0000166	GO:0004812	GO:0004830	GO:0005524	GO:0005737	GO:0006412	GO:0006418	GO:0006436	GO:0016874
P56397	GO:0004844	GO:0005737	GO:0006281	GO:0006284	GO:0006974	GO:0016787	GO:0016799
P56398	GO:0005737	GO:0005829	GO:0006412	GO:0006415
P56411	GO:0000166	GO:0004143	GO:0005524	GO:0005886	GO:0006629	GO:0006654	GO:0008610	GO:0008654	GO:0016020	GO:0016301	GO:0016740	GO:0046872
P56414	GO:0000166	GO:0003824	GO:0005525	GO:0006777	GO:0016829	GO:0046872	GO:0051536	GO:0051539	GO:0061798	GO:1904047
P56415	GO:0000166	GO:0003824	GO:0005525	GO:0005737	GO:0006777	GO:0016740	GO:0016779	GO:0019720	GO:0046872	GO:0061603	GO:0070568
P56416	GO:0005886	GO:0009306	GO:0015031	GO:0016020	GO:0044780	GO:0044781
P56417	GO:0000166	GO:0003723	GO:0004812	GO:0004831	GO:0005524	GO:0005737	GO:0006412	GO:0006418	GO:0006437	GO:0016874
P56418	GO:0003723	GO:0003994	GO:0005829	GO:0006099	GO:0016829	GO:0046872	GO:0047456	GO:0051536	GO:0051539
P56419	GO:0006412	GO:0016787	GO:0042586	GO:0046872
P56420	GO:0003755	GO:0005737	GO:0006457	GO:0015031	GO:0016853	GO:0051301
P56421	GO:0000166	GO:0005524	GO:0006777	GO:0016740	GO:0061598
P56422	GO:0005515	GO:0006777	GO:0016740	GO:0030366	GO:0032324
P56427	GO:0005886	GO:0006935	GO:0016020	GO:0042802	GO:0097588
P56428	GO:0003677	GO:0004518	GO:0005737	GO:0006281	GO:0006289	GO:0006974	GO:0009380	GO:0009381	GO:0009432	GO:0042802
P56429	GO:0004412	GO:0006520	GO:0008652	GO:0009086	GO:0009088	GO:0016491	GO:0046872	GO:0050661
P56431	GO:0004791	GO:0005737	GO:0016491	GO:0019430
P56452	GO:0000049	GO:0000166	GO:0003676	GO:0003723	GO:0004812	GO:0004813	GO:0005524	GO:0005737	GO:0006412	GO:0006419	GO:0008270	GO:0016874	GO:0043039	GO:0046872	GO:0106074
P56453	GO:0000166	GO:0004812	GO:0004820	GO:0005524	GO:0005737	GO:0006412	GO:0006426	GO:0016874
P56454	GO:0000166	GO:0004812	GO:0004820	GO:0005524	GO:0005737	GO:0006412	GO:0006426	GO:0016874
P56455	GO:0000166	GO:0004812	GO:0004821	GO:0005524	GO:0005737	GO:0006412	GO:0006418	GO:0006427	GO:0016874	GO:0140101
P56456	GO:0000049	GO:0000166	GO:0002161	GO:0004812	GO:0004822	GO:0005524	GO:0005737	GO:0006412	GO:0006418	GO:0006428	GO:0008270	GO:0016874	GO:0046872	GO:0106074
P56457	GO:0000166	GO:0002161	GO:0004812	GO:0004823	GO:0005524	GO:0005737	GO:0006412	GO:0006418	GO:0006429	GO:0016874	GO:0106074
P56458	GO:0000166	GO:0004812	GO:0004828	GO:0005524	GO:0005737	GO:0006412	GO:0006418	GO:0006434	GO:0016260	GO:0016874
P56459	GO:0000166	GO:0003676	GO:0004812	GO:0004815	GO:0005524	GO:0005737	GO:0006412	GO:0006418	GO:0006422	GO:0016874	GO:0050560
P56460	GO:0000166	GO:0000287	GO:0004478	GO:0005524	GO:0005737	GO:0006556	GO:0006730	GO:0016740	GO:0046872
P56461	GO:0003824	GO:0004479	GO:0006412	GO:0006413	GO:0009058	GO:0016740	GO:0019988	GO:0071951
P56462	GO:0000166	GO:0003934	GO:0005525	GO:0006730	GO:0008270	GO:0009058	GO:0016787	GO:0046654	GO:0046872
P56463	GO:0003824	GO:0004731	GO:0006139	GO:0009116	GO:0009164	GO:0016740	GO:0016757	GO:0016763
P56464	GO:0000036	GO:0005737	GO:0006629	GO:0006631	GO:0006633	GO:0016020	GO:0031177
P56465	GO:0004151	GO:0006221	GO:0008270	GO:0016787	GO:0016812	GO:0019856	GO:0044205	GO:0046872
P56466	GO:0000166	GO:0003676	GO:0003723	GO:0004386	GO:0005524	GO:0006353	GO:0008186	GO:0016787	GO:0016887
P56467	GO:0000105	GO:0003824	GO:0004477	GO:0004488	GO:0006164	GO:0006730	GO:0008652	GO:0009086	GO:0016491	GO:0016787	GO:0035999
P56468	GO:0003824	GO:0004018	GO:0006164	GO:0006189	GO:0009152	GO:0009168	GO:0016829	GO:0044208	GO:0070626
P56474	GO:0000166	GO:0003677	GO:0003824	GO:0004518	GO:0005524	GO:0005737	GO:0006281	GO:0006289	GO:0006974	GO:0008270	GO:0009380	GO:0009381	GO:0009432	GO:0016887	GO:0046872
P56737	GO:0000162	GO:0000287	GO:0004048	GO:0008652	GO:0009073	GO:0016740	GO:0016757	GO:0016763	GO:0046872
P57798	GO:0006811	GO:0006826	GO:0046914
P60325	GO:0000428	GO:0003677	GO:0003899	GO:0006351	GO:0016740	GO:0016779	GO:0034062
P64101	GO:0005886	GO:0015031	GO:0016020	GO:0022857	GO:0055085
P64275	GO:0003677	GO:0032784	GO:0070063
P64382	GO:0003824
P64651	GO:0016020
P64661	GO:0016020
P65108	GO:0003676	GO:0003723	GO:0003743	GO:0005737	GO:0006412	GO:0006413	GO:0019843	GO:0043022
P65185	GO:0008299	GO:0016114	GO:0016491	GO:0019288	GO:0046872	GO:0050992	GO:0051536	GO:0051539	GO:0051745
P65410	GO:0005886	GO:0006811	GO:0006935	GO:0016020	GO:0071978	GO:0097588	GO:1902600
P66052	GO:0003723	GO:0003735	GO:0005840	GO:0006412	GO:0019843	GO:0070180	GO:1990904
P66119	GO:0003723	GO:0003735	GO:0005840	GO:0006412	GO:0019843	GO:1990904
P66142	GO:0003735	GO:0005840	GO:0006412	GO:1990904
P66185	GO:0003723	GO:0003735	GO:0005840	GO:0006412	GO:0019843	GO:1990904
P66217	GO:0003735	GO:0005737	GO:0005840	GO:0006412	GO:1990904
P66246	GO:0003735	GO:0005840	GO:0006412	GO:1990904
P66269	GO:0003735	GO:0005840	GO:0006412	GO:1990904
P66328	GO:0000049	GO:0003723	GO:0003735	GO:0005840	GO:0006412	GO:1990904
P66449	GO:0003723	GO:0003735	GO:0005840	GO:0006412	GO:0019843	GO:1990904
P66459	GO:0003723	GO:0003735	GO:0005515	GO:0005840	GO:0006412	GO:0019843	GO:1990904
P66572	GO:0003723	GO:0003735	GO:0005840	GO:0006412	GO:0015935	GO:0019843	GO:1990904
P66609	GO:0000049	GO:0003723	GO:0003735	GO:0005840	GO:0006412	GO:0015935	GO:0019843	GO:1990904
P66621	GO:0003723	GO:0003735	GO:0005840	GO:0006412	GO:0019843	GO:1990904
P66637	GO:0003735	GO:0005737	GO:0005840	GO:0006412	GO:1990904
P66928	GO:0015035
P67708	GO:0003774	GO:0005198	GO:0009288	GO:0009425	GO:0071973	GO:0097588
P69996	GO:0005515	GO:0005737	GO:0009039	GO:0016151	GO:0016787	GO:0016810	GO:0043419	GO:0046872
P71403	GO:0000160	GO:0005515	GO:0005737	GO:0006935	GO:0046872	GO:0097588
P71404	GO:0000166	GO:0005524	GO:0005737	GO:0016887
P71405	GO:0005737	GO:0006535	GO:0008652	GO:0009001	GO:0016740	GO:0016746	GO:0019344
P71408	GO:0000166	GO:0004176	GO:0004222	GO:0005524	GO:0005886	GO:0006508	GO:0008233	GO:0008237	GO:0008270	GO:0016020	GO:0016787	GO:0016887	GO:0030163	GO:0046872
P77872	GO:0004096	GO:0004601	GO:0005515	GO:0005737	GO:0006979	GO:0016491	GO:0020037	GO:0042744	GO:0046872	GO:0098869
P94842	GO:0005515	GO:0006629	GO:0016787
P94844	GO:0005515	GO:0005737	GO:0008652	GO:0008839	GO:0009085	GO:0009089	GO:0016491	GO:0016726	GO:0019877	GO:0050661	GO:0051287
P94845	GO:0000166	GO:0003824	GO:0004356	GO:0005524	GO:0005737	GO:0006542	GO:0016874	GO:0046872
P94846	GO:0000166	GO:0003677	GO:0004518	GO:0005524	GO:0005737	GO:0006281	GO:0006289	GO:0006974	GO:0009380	GO:0009381	GO:0009432	GO:0016787	GO:0016887
P94851	GO:0016020
P96541	GO:0016020
P96551	GO:0000049	GO:0000166	GO:0004812	GO:0004818	GO:0005524	GO:0005737	GO:0006412	GO:0006418	GO:0006424	GO:0008270	GO:0016874	GO:0043039
P96786	GO:0005576	GO:0007155	GO:0009288	GO:0009421	GO:0009424	GO:0071978
P97245	GO:0005515	GO:0005886	GO:0009306	GO:0016020	GO:0019867
Q07911	GO:0005198	GO:0005515	GO:0005576	GO:0009288
Q09064	GO:0005515	GO:0005737	GO:0006457	GO:0016151	GO:0019627	GO:0051082	GO:0065003
Q09065	GO:0005515	GO:0005737	GO:0008152	GO:0016151
Q09066	GO:0000166	GO:0003924	GO:0005515	GO:0005525	GO:0005737	GO:0016151	GO:0042802	GO:0043419
Q09067	GO:0005515	GO:0005737	GO:0016151
Q09068	GO:0005515	GO:0005886	GO:0016020
Q48248	GO:0005886	GO:0006629	GO:0008654	GO:0008715	GO:0016020	GO:0016787	GO:0046342
Q48252	GO:0000166	GO:0005524	GO:0005886	GO:0008564	GO:0016020	GO:0071806
Q48255	GO:0003855	GO:0008652	GO:0009073	GO:0009423	GO:0016829
Q48260	GO:0006777	GO:0016829	GO:0061799
Q48262	GO:0005886	GO:0015099	GO:0016020	GO:0035444
Q48269	GO:0003882	GO:0005886	GO:0006629	GO:0008654	GO:0016020	GO:0016740	GO:0016780
Q48271	GO:0005507	GO:0005515	GO:0006825	GO:0046872
Q59465	GO:0000166	GO:0005524	GO:0005886	GO:0006812	GO:0008551	GO:0016020	GO:0016463	GO:0016887	GO:0019829	GO:0030001	GO:0046872	GO:0070574	GO:0071577	GO:0098655
