WP_011025495.1	GO:0016020	GO:0022857	GO:0055085
WP_011026309.1	GO:0003735	GO:0005840	GO:0006412
WP_009610761.1	GO:0005524	GO:0006813	GO:0008556	GO:0016020	GO:0016887
WP_011024936.1	GO:0005515	GO:0044780
WP_009610471.1	GO:0003824	GO:0051536
WP_011025135.1	GO:0045226
WP_081427439.1	GO:0003677	GO:0006355
WP_226990141.1	GO:0016020
WP_009609607.1	GO:0016020	GO:0055085
WP_011025138.1	GO:0003676	GO:0015074
WP_031314302.1	GO:0003677	GO:0006352	GO:0006355	GO:0016987
WP_011024719.1	GO:0005525	GO:0006826	GO:0015093	GO:0016020
WP_041587166.1	GO:0004632	GO:0004633	GO:0010181	GO:0015937	GO:0015941
WP_011024726.1	GO:0003677	GO:0006355	GO:0010045	GO:0016151
WP_011025737.1	GO:0004315	GO:0006633
WP_011024715.1	GO:0003677	GO:0004803	GO:0006313
WP_011025361.1	GO:0003700	GO:0006355
WP_011025956.1	GO:0004807	GO:0006096
WP_041587214.1	GO:0004748	GO:0005524	GO:0006260	GO:0031419
WP_009610452.1	GO:0000155	GO:0000160	GO:0005737	GO:0006935	GO:0016310
WP_011024820.1	GO:0003824	GO:0009236
WP_011025145.1	GO:0005388	GO:0005524	GO:0016020	GO:0016887	GO:0070588
WP_031313852.1	GO:0008168
WP_011025714.1	GO:0003774	GO:0005198	GO:0009288	GO:0071973
WP_011025767.1	GO:0003677	GO:0003899	GO:0006351
WP_011024997.1	GO:0016747
WP_011024598.1	GO:0002143	GO:0005737
WP_011026476.1	GO:0003677	GO:0030527
WP_041587287.1	GO:0006396	GO:0008452
WP_011025147.1	GO:0016020	GO:0022857	GO:0055085
WP_009610844.1	GO:0005524	GO:0006457	GO:0008270	GO:0016887	GO:0046983	GO:0051082	GO:0140662
WP_011026304.1	GO:0003735	GO:0005840	GO:0006412
WP_011025184.1	GO:0016020	GO:0022857	GO:0055085
WP_009611194.1	GO:0006508
WP_011026546.1	GO:0016020	GO:0022857	GO:0055085
WP_011024573.1	GO:0043190	GO:0055085
WP_226990120.1	GO:0003677	GO:0005524	GO:0016787
WP_011025330.1	GO:0005524	GO:0006457	GO:0051082	GO:0140662
WP_009610410.1	GO:0000105	GO:0016763
WP_011024952.1	GO:0005524	GO:0008817	GO:0009236
WP_011025939.1	GO:0005515
WP_041587266.1	GO:0005524	GO:0016887
WP_011026323.1	GO:0003735	GO:0005840	GO:0006412	GO:0019843
WP_011026536.1	GO:0005524	GO:0015833	GO:0016887
WP_011026036.1	GO:0008270
WP_011026613.1	GO:0004413	GO:0005524	GO:0006566
WP_011025281.1	GO:0016887
WP_011025190.1	GO:0003690	GO:0006265
WP_011026392.1	GO:0006508	GO:0008236
WP_011024822.1	GO:0022857
WP_009610608.1	GO:0000160	GO:0003677	GO:0006355
WP_011026509.1	GO:0006525	GO:0008483	GO:0030170
WP_011026311.1	GO:0003735	GO:0006412	GO:0015935	GO:0019843
WP_011026009.1	GO:0043937
WP_193328923.1	GO:0005524	GO:0016887
WP_031314007.1	GO:0003924	GO:0005525	GO:0006614	GO:0008312	GO:0048500
WP_011024751.1	GO:0000155	GO:0000160	GO:0016020
WP_009610251.1	GO:0003951	GO:0006741	GO:0019674
WP_011025854.1	GO:0005315	GO:0005524	GO:0016020	GO:0016887	GO:0035435
WP_011024723.1	GO:0006824	GO:0043190
WP_011025979.1	GO:0004612	GO:0005524	GO:0006094
WP_011025422.1	GO:0003677
WP_022587645.1	GO:0003735	GO:0006412	GO:0015934
WP_011025259.1	GO:0003677	GO:0003887	GO:0006261	GO:0008408
WP_011024600.1	GO:0005960	GO:0019464
WP_011024665.1	GO:0005524	GO:0006090	GO:0008986	GO:0016310
WP_011025435.1	GO:0003677	GO:0045892
WP_011025802.1	GO:0005737	GO:0008616	GO:0033739
WP_011026244.1	GO:0016765	GO:0019346	GO:0030170
WP_011025304.1	GO:0006629	GO:0008962
WP_041587307.1	GO:0005525
WP_011026557.1	GO:0009847	GO:0016020
WP_011025405.1	GO:0008757
WP_009610407.1	GO:0000105	GO:0004399	GO:0046872	GO:0051287
WP_011025086.1	GO:0007165	GO:0016020	GO:0020037
WP_009610760.1	GO:0015267	GO:0016020	GO:0055085
WP_011026396.1	GO:0006508	GO:0008236
WP_011025479.1	GO:0004124	GO:0006535
WP_009611153.1	GO:0006396	GO:0008173
WP_041587334.1	GO:0005525	GO:0006826	GO:0015093	GO:0016020
WP_011024939.1	GO:0022857	GO:0043190	GO:0055085	GO:0071705
WP_011025007.1	GO:0003937	GO:0004643	GO:0006164
WP_011025521.1	GO:0016491	GO:0046872	GO:0051539
WP_011025897.1	GO:0000049	GO:0000287	GO:0004826	GO:0005524	GO:0006432
WP_011024806.1	GO:0005524	GO:0015833	GO:0016887
WP_011026453.1	GO:0016020
WP_011026066.1	GO:0005524	GO:0015833	GO:0016887
WP_011025108.1	GO:0000150	GO:0003677	GO:0006310	GO:0006355
WP_011025965.1	GO:0003677	GO:0003906	GO:0006284	GO:0051539
WP_011026312.1	GO:0003735	GO:0005840	GO:0006412
WP_041587231.1	GO:0043190	GO:0055085
WP_011025947.1	GO:0004476	GO:0005975	GO:0008270
WP_011026612.1	GO:0005515	GO:0006508	GO:0008236
WP_011024646.1	GO:0004797	GO:0005524
WP_009610233.1	GO:0003824	GO:0030976
WP_011025735.1	GO:0003824	GO:0051536
WP_041587258.1	GO:0004739	GO:0006086	GO:0043231
WP_011025572.1	GO:0006364
WP_011025470.1	GO:0003824
WP_041587128.1	GO:0000049	GO:0004818	GO:0005524	GO:0006424	GO:0008270
WP_009609870.1	GO:0009089	GO:0047200
WP_011024565.1	GO:0003677	GO:0003887	GO:0005524	GO:0006260	GO:0009360
WP_009610688.1	GO:0001522	GO:0003723	GO:0006396	GO:0009982
WP_011024545.1	GO:0000049
WP_011026366.1	GO:0008299	GO:0050518
WP_011026282.1	GO:0003676	GO:0015074
WP_022587965.1	GO:0003824	GO:0030976
WP_011025497.1	GO:0003824	GO:0051536
WP_011025773.1	GO:0072344
WP_011025629.1	GO:0051304
WP_009610994.1	GO:0004789	GO:0009228
WP_011026287.1	GO:0003677	GO:0004519	GO:0006281
WP_011025872.1	GO:0016020	GO:0051301
WP_011025197.1	GO:0003677	GO:0006355
WP_011026659.1	GO:0016788
WP_011026078.1	GO:0004563	GO:0005975
WP_041587119.1	GO:0004326	GO:0005524	GO:0009396
WP_011024896.1	GO:0003677	GO:0003700	GO:0006355
WP_009609642.1	GO:0004747	GO:0006014
WP_011024564.1	GO:0005515	GO:0007165	GO:0016020
WP_011025334.1	GO:0006826	GO:0006879	GO:0008199
WP_041587103.1	GO:0003677	GO:0006281	GO:0032508	GO:0043139
WP_011025748.1	GO:0004595	GO:0015937
WP_011026455.1	GO:0000166
WP_011024960.1	GO:0005886	GO:0032217	GO:0032218
WP_011025398.1	GO:0003677	GO:0004803	GO:0006313
WP_009609960.1	GO:0005737	GO:0006012	GO:0008108
WP_011025198.1	GO:0016020	GO:0055085
WP_041587242.1	GO:0016020
WP_011024913.1	GO:0000155	GO:0007165	GO:0016020	GO:0016310
WP_011025525.1	GO:0003676	GO:0006281	GO:0006310	GO:0008409
WP_041587139.1	GO:0000902
WP_011026487.1	GO:0005507
WP_011024734.1	GO:0006302	GO:0016887
WP_011025458.1	GO:0002098	GO:0050660
WP_226990128.1	GO:0006629
WP_009610594.1	GO:0043190	GO:0055085
WP_011024556.1	GO:0004252	GO:0006465	GO:0016020
WP_193328914.1	GO:0005524	GO:0016226	GO:0051536	GO:0140663
WP_009609627.1	GO:0003824	GO:0071949
WP_011024803.1	GO:0016020	GO:0055085
WP_009610694.1	GO:0043107	GO:0043683
WP_011026437.1	GO:0016020	GO:0022857	GO:0055085
WP_009610020.1	GO:0006814	GO:0016829
WP_011024697.1	GO:0006813	GO:0008324
WP_011026321.1	GO:0003723	GO:0003735	GO:0006412	GO:0015935
WP_009611046.1	GO:0003924	GO:0016151	GO:0051604
WP_011026414.1	GO:0009847	GO:0016020
WP_011026494.1	GO:0000160	GO:0003677	GO:0006355
WP_011025782.1	GO:0004070	GO:0006207	GO:0006520	GO:0016597
WP_011025734.1	GO:0003676
WP_011025284.1	GO:0008929	GO:0019242
WP_011026003.1	GO:0016787
WP_011025161.1	GO:0016020	GO:0022857	GO:0055085
WP_011026609.1	GO:0003824
WP_011026685.1	GO:0005524
WP_009611185.1	GO:0002949
WP_011026586.1	GO:0005351	GO:0009401	GO:0016020	GO:0022877
WP_011025084.1	GO:0005829	GO:0006508	GO:0016920
WP_009609996.1	GO:0005524	GO:0016887
WP_011025261.1	GO:0004514	GO:0004516	GO:0009435
WP_011026436.1	GO:0003824	GO:0009058	GO:0030170
WP_011025327.1	GO:0004109	GO:0005737	GO:0006779	GO:0051539
WP_011026092.1	GO:0003677	GO:0006355
WP_031313884.1	GO:0009401
WP_009610892.1	GO:0003690	GO:0006265
WP_050724089.1	GO:0015035
WP_011025133.1	GO:0003983	GO:0006011	GO:0009058
WP_011024887.1	GO:0016153
WP_011025661.1	GO:0003676
WP_011025206.1	GO:0004044	GO:0009113
WP_011026405.1	GO:0003677
WP_011024969.1	GO:0009055
WP_011025594.1	GO:0003855
WP_011026289.1	GO:0005506	GO:0016491
WP_009610592.1	GO:0004801	GO:0005975	GO:0016832
WP_009610336.1	GO:0005524	GO:0016887	GO:0043934
WP_011026452.1	GO:0008745	GO:0009253
WP_011025696.1	GO:0003924	GO:0005525	GO:0006614
WP_009610243.1	GO:0004788	GO:0005524	GO:0009229
WP_011025282.1	GO:0032955
WP_011024990.1	GO:0003684	GO:0006284	GO:0006289	GO:0008534
WP_011025150.1	GO:0004540	GO:0110001
WP_011025618.1	GO:0016787
WP_011025776.1	GO:0003723	GO:0008168
WP_011024680.1	GO:0005524	GO:0006355	GO:0008134	GO:0009401	GO:0016020
WP_011026666.1	GO:0005524	GO:0006457	GO:0044183
WP_011026371.1	GO:0004111	GO:0046314
WP_011024793.1	GO:0009401	GO:0016020	GO:0022872
WP_009610048.1	GO:0004553	GO:0005975	GO:0016616
WP_011025022.1	GO:0006412	GO:0030956	GO:0050567
WP_011025533.1	GO:0000160
WP_011026341.1	GO:0003746	GO:0003924	GO:0005525	GO:0006414
WP_011026749.1	GO:0003697	GO:0006260
WP_011025731.1	GO:0005525	GO:0006614
WP_009609955.1	GO:0005975
WP_011025277.1	GO:0008360
WP_009610759.1	GO:0006813	GO:0008556	GO:0016020
WP_011025050.1	GO:0003952	GO:0004359	GO:0005524	GO:0005737	GO:0006807	GO:0009435
WP_011026217.1	GO:0032784	GO:0140673
WP_011025141.1	GO:0000150	GO:0003677	GO:0006310	GO:0006355
WP_011025205.1	GO:0004642	GO:0006189
WP_011025909.1	GO:0016020
WP_011026438.1	GO:0003677	GO:0004803	GO:0006313
WP_009610936.1	GO:0016624
WP_011026477.1	GO:0008168
WP_011025950.1	GO:0016429
WP_009610487.1	GO:0004455	GO:0009082	GO:0050661
WP_011026661.1	GO:0005506	GO:0016226	GO:0051536
WP_009609977.1	GO:0005975
WP_011026268.1	GO:0005524
WP_011026250.1	GO:0009058	GO:0047244
WP_011025739.1	GO:0004316	GO:0006633	GO:0051287
WP_011026479.1	GO:0022857
WP_011025681.1	GO:0003700	GO:0003723	GO:0031564
WP_011025857.1	GO:0008270	GO:0045892
WP_011024557.1	GO:0003676	GO:0015074
WP_031314269.1	GO:0000160	GO:0003677	GO:0006355
WP_009611017.1	GO:0003824	GO:0051536
WP_041587105.1	GO:0006474	GO:0008080
WP_011025622.1	GO:0006355	GO:0030435	GO:0043856	GO:0045152
WP_031314282.1	GO:0003677
WP_226990208.1	GO:0006508	GO:0008236
WP_011025768.1	GO:0004385	GO:0006163
WP_011026315.1	GO:0003723	GO:0003743	GO:0006413
WP_009609712.1	GO:0003954	GO:0006116
WP_011025068.1	GO:0016757
WP_226990171.1	GO:0003824	GO:0051536
WP_009610489.1	GO:0000287	GO:0003862	GO:0009098	GO:0051287
WP_011025842.1	GO:0005975
WP_011025392.1	GO:0004342	GO:0005975	GO:0006044
WP_011026498.1	GO:0010181	GO:0016020
WP_041587264.1	GO:0003700	GO:0006355
WP_011024579.1	GO:0009058	GO:0016779
WP_011025759.1	GO:0003924	GO:0005525
WP_011026290.1	GO:0008199
WP_011025383.1	GO:0009073	GO:0016832
WP_011024833.1	GO:0016747
WP_011025377.1	GO:0004345	GO:0006006	GO:0050661
WP_011026429.1	GO:0016020
WP_011026373.1	GO:0003677	GO:0006355
WP_226990132.1	GO:0022857	GO:0055085
WP_041587280.1	GO:0009143	GO:0017111	GO:0047429
WP_011024666.1	GO:0005515
WP_009610669.1	GO:0008137	GO:0016151	GO:0048038	GO:0051287
WP_011025538.1	GO:0006814	GO:0008948
WP_235619570.1	GO:0016020	GO:0022857	GO:0055085
WP_011026340.1	GO:0003746	GO:0003924	GO:0005525	GO:0006414
WP_011026166.1	GO:0003677
WP_011025056.1	GO:0004888	GO:0006935	GO:0007165	GO:0016020
WP_011025693.1	GO:0000156	GO:0000160	GO:0005737	GO:0006935	GO:0008984
WP_011024975.1	GO:0004315	GO:0006633
WP_011025033.1	GO:0000049	GO:0008033	GO:0009022
WP_011025541.1	GO:0016625
WP_011026020.1	GO:0047617
WP_031313939.1	GO:0004190	GO:0006508	GO:0030436
WP_009611302.1	GO:0004588	GO:0006221	GO:0019856
WP_226990127.1	GO:0003824
WP_009610509.1	GO:0004375	GO:0019464
WP_011024725.1	GO:0000041	GO:0016020
WP_011024912.1	GO:0000160	GO:0003677	GO:0006355
WP_193328915.1	GO:0006044	GO:0008448
WP_009611036.1	GO:0016020	GO:0016772
WP_011024992.1	GO:0004252	GO:0006508
WP_011026686.1	GO:0008237	GO:0008270
WP_011025817.1	GO:0004425	GO:0006568
WP_009609615.1	GO:0004553	GO:0005975	GO:0008061
WP_011025557.1	GO:0003676	GO:0004812	GO:0005524	GO:0005737	GO:0006418
WP_041587273.1	GO:0003824	GO:0044237
WP_011024544.1	GO:0004359	GO:0009236	GO:0071555
WP_011026082.1	GO:0006064	GO:0008880
WP_041587253.1	GO:0003677	GO:0003887	GO:0006260	GO:0008408	GO:0009360
WP_011025263.1	GO:0005515
WP_011025981.1	GO:0003677	GO:0004803	GO:0006313
WP_009610974.1	GO:0003677
WP_011026343.1	GO:0003735	GO:0006412	GO:0015935
WP_011024552.1	GO:0016836
WP_011024589.1	GO:0016829
WP_011025646.1	GO:0003841	GO:0008654	GO:0016020
WP_011024748.1	GO:0004427	GO:0009678	GO:0016020	GO:1902600
WP_011025610.1	GO:0008299
WP_011025567.1	GO:0008033	GO:0016783
WP_041587074.1	GO:0008168
WP_011024930.1	GO:0016757
WP_011025655.1	GO:0004735	GO:0006561
WP_011025199.1	GO:0016020	GO:0055085
WP_011025339.1	GO:0003735	GO:0005840	GO:0006412
WP_011026041.1	GO:0006633	GO:0016747
WP_011026331.1	GO:0003735	GO:0005840	GO:0006412	GO:0019843
WP_009611151.1	GO:0006814	GO:0016829
WP_009611109.1	GO:0008168
WP_011024876.1	GO:0003700	GO:0006355
WP_011025075.1	GO:0003824
WP_050724092.1	GO:0004371	GO:0006071
WP_011026104.1	GO:0005515
WP_011025678.1	GO:0003743	GO:0003924	GO:0005525	GO:0006413
WP_011024934.1	GO:0007155	GO:0009421	GO:0009424
WP_011024642.1	GO:0000160
WP_011025812.1	GO:0016209	GO:0016491
WP_011025582.1	GO:0005524
WP_011025796.1	GO:0016020
WP_081427407.1	GO:0005506	GO:0009372	GO:0043768
WP_226990189.1	GO:0003677	GO:0004803	GO:0006313
WP_011024964.1	GO:0003677	GO:0005524	GO:0016887
WP_011025620.1	GO:0003677	GO:0006310	GO:0009009	GO:0015074
WP_041587323.1	GO:0003676	GO:0008168	GO:0031167
WP_011025701.1	GO:0009306	GO:0016020
WP_011025289.1	GO:0003723	GO:0003735	GO:0005840	GO:0006412
WP_011025727.1	GO:0003723
WP_011026672.1	GO:0006364	GO:0008168
WP_011025262.1	GO:0043190	GO:0055085
WP_011025595.1	GO:0016787
WP_011026077.1	GO:0004335	GO:0005524	GO:0005737	GO:0006012	GO:0046835
WP_011025676.1	GO:0003735	GO:0005840	GO:0006412
WP_031314067.1	GO:0006281	GO:0006310
WP_011024584.1	GO:0003677
WP_011026365.1	GO:0006629	GO:0008374
WP_011026398.1	GO:0016491	GO:0051536
WP_011026111.1	GO:0016020
WP_011025000.1	GO:0015205	GO:0016020	GO:0055085
WP_011024695.1	GO:0004616	GO:0006098	GO:0050661
WP_011025269.1	GO:0003824
WP_011025054.1	GO:0005515
WP_011024832.1	GO:0016787
WP_011025477.1	GO:0016020
WP_011024773.1	GO:0003677
WP_009610946.1	GO:0004176	GO:0004222	GO:0005524	GO:0006508	GO:0016020	GO:0016887
WP_011025096.1	GO:0016491	GO:0051536
WP_009610785.1	GO:0005524	GO:0016887
WP_041587180.1	GO:0004176	GO:0004252	GO:0005524	GO:0006508	GO:0030163
WP_011025176.1	GO:0002161	GO:0004832	GO:0005524	GO:0005737	GO:0006438
WP_011025755.1	GO:0003735	GO:0005840	GO:0006412
WP_011026325.1	GO:0003735	GO:0005840	GO:0006412
WP_041587089.1	GO:0006355	GO:0008982	GO:0009401
WP_011026464.1	GO:0003824	GO:0009058	GO:0030170
WP_011025656.1	GO:0003676	GO:0004523
WP_011026372.1	GO:0005515
WP_011026578.1	GO:0004222	GO:0016020	GO:0071586
WP_011024931.1	GO:0005515
WP_011024982.1	GO:0000156	GO:0000160	GO:0003677
WP_011025010.1	GO:0006807	GO:0008881	GO:0036361
WP_011025036.1	GO:0022857
WP_011026347.1	GO:0003735	GO:0005840	GO:0006412
WP_011024953.1	GO:0000150	GO:0003677	GO:0006310	GO:0006355
WP_011026377.1	GO:0008965	GO:0009401	GO:0016310
WP_011025518.1	GO:0008479	GO:0101030
WP_011025952.1	GO:0003677	GO:0003678	GO:0003896	GO:0005524	GO:0006269	GO:0008270	GO:0016779
WP_011024731.1	GO:0016020	GO:0055085
WP_011024825.1	GO:0000166	GO:0009236	GO:0043752
WP_011026420.1	GO:0004494	GO:0031419
WP_011026307.1	GO:0005524	GO:0016020	GO:0016887	GO:0055085
WP_011025993.1	GO:0004489	GO:0006555
WP_011024629.1	GO:0004176	GO:0004222	GO:0005524	GO:0006508	GO:0016887
WP_009610676.1	GO:0004222	GO:0006508	GO:0046872
WP_011026502.1	GO:0006096	GO:0016868
WP_011024830.1	GO:0016020
WP_011025060.1	GO:0003824
WP_011026189.1	GO:0003755
WP_050724077.1	GO:0003700	GO:0006352	GO:0006355
WP_011024601.1	GO:0004340	GO:0005737	GO:0006096	GO:0051156
WP_011025378.1	GO:0004061	GO:0019441
WP_011026113.1	GO:0005524	GO:0008643	GO:0016887	GO:0140359
WP_011025686.1	GO:0003746	GO:0005515	GO:0006414
WP_011025847.1	GO:0005525
WP_009610763.1	GO:0006508	GO:0070573
WP_041587124.1	GO:0005524
WP_009610408.1	GO:0000105	GO:0004400	GO:0030170
WP_011025606.1	GO:0003723	GO:0006353	GO:0006355
WP_011026570.1	GO:0000155	GO:0007165	GO:0016020	GO:0016310
WP_011024841.1	GO:0004252	GO:0016020
WP_011025358.1	GO:0005524
WP_011025934.1	GO:0005737	GO:0006457	GO:0051082
WP_011025069.1	GO:0008761
WP_011024549.1	GO:0009082	GO:1990610
WP_011025394.1	GO:0016209	GO:0016491
WP_011025558.1	GO:0003677	GO:0006355	GO:0046872
WP_011026350.1	GO:0003735	GO:0005840	GO:0006412
WP_011026605.1	GO:0000105	GO:0004401
WP_011026652.1	GO:0003676	GO:0005524
WP_011025362.1	GO:0010181	GO:0016491
WP_011025863.1	GO:0005515	GO:0051301
WP_009610799.1	GO:0003824
WP_011024709.1	GO:0005524	GO:0015833	GO:0016887
WP_011024636.1	GO:0016151	GO:0051604
WP_011025581.1	GO:0005524	GO:0015627	GO:0015628
WP_011026130.1	GO:0006813	GO:0008556
WP_041587265.1	GO:0005315	GO:0005524	GO:0016020	GO:0016887	GO:0035435
WP_011024987.1	GO:0016491	GO:0051536
WP_041587129.1	GO:0006508	GO:0008233	GO:0009847
WP_011024645.1	GO:0003735	GO:0005840	GO:0006412
WP_011026759.1	GO:0003723
WP_011025336.1	GO:0016903
WP_011025046.1	GO:0015986	GO:0045261	GO:0046933
WP_009610488.1	GO:0003959	GO:0010181	GO:0050661
WP_226990151.1	GO:0004553	GO:0005975
WP_009611239.1	GO:0016903
WP_041587330.1	GO:0004519	GO:0005524	GO:0006298	GO:0016887	GO:0030983	GO:0045910	GO:0140664
WP_011024683.1	GO:0009401	GO:0015577	GO:0015796	GO:0016020
WP_011024942.1	GO:0044238
WP_011025240.1	GO:0004176	GO:0004252	GO:0006508
WP_011024976.1	GO:0016042	GO:0016787
WP_011025098.1	GO:0008270	GO:0016491
WP_011025229.1	GO:0003700	GO:0003824	GO:0006355	GO:0030170
WP_011026073.1	GO:0016020	GO:0022857	GO:0055085
WP_009610980.1	GO:0022857	GO:0055085
WP_011024782.1	GO:0003677	GO:0006355	GO:0016301
WP_011025816.1	GO:0000162	GO:0004640
WP_011026030.1	GO:0046914
WP_009610664.1	GO:0016020	GO:0016651	GO:0051539
WP_011025793.1	GO:0006508	GO:0008236
WP_011025916.1	GO:0022857	GO:0055085
WP_011026422.1	GO:0004329	GO:0005524
WP_009610261.1	GO:0016020	GO:0016780
WP_011025024.1	GO:0043190	GO:0055085
WP_011025510.1	GO:0006508	GO:0008236
WP_226990165.1	GO:0003676	GO:0015074
WP_011024621.1	GO:0004553	GO:0009254	GO:0019867
WP_011025485.1	GO:0005524	GO:0016020	GO:0016887	GO:0055085	GO:0140359
WP_009609830.1	GO:0051536
WP_011025820.1	GO:0000162	GO:0004049
WP_009609637.1	GO:0016020	GO:0022857	GO:0055085
WP_041587365.1	GO:0005524	GO:0016020	GO:0016887	GO:0055085
WP_011025584.1	GO:0004190	GO:0016020
WP_011025672.1	GO:0000287	GO:0004170	GO:0006226	GO:0046081
WP_011026618.1	GO:0016020	GO:0022857	GO:0055085
WP_011025012.1	GO:0016020
WP_011025167.1	GO:0006189	GO:0016787
WP_011026664.1	GO:0016226
WP_031313864.1	GO:0016491
WP_011026259.1	GO:0003677
WP_157858516.1	GO:0016310	GO:0016772
WP_011025943.1	GO:0005975	GO:0008061
WP_022587650.1	GO:0003723	GO:0004525	GO:0006364
WP_011024889.1	GO:0005737	GO:0016812	GO:0019556
WP_031313863.1	GO:0003676	GO:0006260	GO:0008408
WP_011025070.1	GO:0016757
WP_011026360.1	GO:0005737	GO:0006535	GO:0009001
WP_011025256.1	GO:0000155	GO:0000160	GO:0005515	GO:0016020	GO:0071555
WP_011025725.1	GO:0008033	GO:0052906
WP_011025813.1	GO:0009073	GO:0016832
WP_011026662.1	GO:0006534	GO:0030170	GO:0031071
WP_011025570.1	GO:0003676	GO:0004813	GO:0005524	GO:0005737	GO:0006419
WP_011025550.1	GO:0016874
WP_011025758.1	GO:0004750	GO:0005975	GO:0006098
WP_031314232.1	GO:0003700	GO:0006352	GO:0006355
WP_011024541.1	GO:0003723
WP_041587337.1	GO:0016616	GO:0051287
WP_011024727.1	GO:0001510	GO:0003723	GO:0006396	GO:0008173
WP_009610976.1	GO:0006508	GO:0008236
WP_009610309.1	GO:0003684	GO:0004176	GO:0004252	GO:0005524	GO:0006281	GO:0006508	GO:0140664
WP_041587098.1	GO:0003824	GO:0009236	GO:0030170
WP_041587073.1	GO:0006527	GO:0016990
WP_009609853.1	GO:0042834
WP_011025995.1	GO:0004347	GO:0006094	GO:0006096	GO:0097367
WP_011025806.1	GO:0008270
WP_011024631.1	GO:0016020
WP_193328926.1	GO:0016787
WP_201766478.1	GO:0006508	GO:0008237	GO:0016805
WP_011024558.1	GO:0005388	GO:0005524	GO:0016020	GO:0016887	GO:0070588
WP_011025805.1	GO:0006260	GO:0006281	GO:0043138
WP_011026001.1	GO:0006396	GO:0008173
WP_011025547.1	GO:0004494	GO:0031419
WP_011025335.1	GO:0003824	GO:0030976
WP_011026086.1	GO:0016853
WP_011025683.1	GO:0003677	GO:0003887	GO:0005737	GO:0006260	GO:0008408
WP_009610803.1	GO:0008033
WP_011025359.1	GO:0003723
WP_011025153.1	GO:0016020
WP_004401600.1	GO:0006744
WP_011025787.1	GO:0004190	GO:0006508	GO:0016020
WP_011024605.1	GO:0004798	GO:0005524	GO:0006233
WP_011025961.1	GO:0003998
WP_011025066.1	GO:0016757
WP_011025893.1	GO:0000155	GO:0000160	GO:0016020	GO:0016310	GO:0046983
WP_011025017.1	GO:0009401
WP_009609975.1	GO:0004340	GO:0005737	GO:0006096	GO:0051156
WP_009610098.1	GO:0036054	GO:0036055	GO:0070403
WP_009611063.1	GO:0016407
WP_011026391.1	GO:0004348	GO:0006665
WP_011025800.1	GO:0004867	GO:0005615
WP_011024710.1	GO:0005524	GO:0015833	GO:0016887
WP_009609604.1	GO:0000902
WP_011026566.1	GO:0003684	GO:0005524	GO:0006281
WP_009611038.1	GO:0004222	GO:0005515	GO:0006508	GO:0016020
WP_009610540.1	GO:0016020	GO:0055085
WP_011025020.1	GO:0003677	GO:0003911	GO:0006260	GO:0006281
WP_011024768.1	GO:0016811
WP_011025302.1	GO:0003677	GO:0006281
WP_031314072.1	GO:0016020	GO:0016311	GO:0050380
WP_011025051.1	GO:0016020	GO:0055085
WP_011025027.1	GO:0016020	GO:0055085
WP_011025120.1	GO:0005524	GO:0006355	GO:0008134	GO:0043565
WP_235619548.1	GO:0008137	GO:0042773
WP_009610622.1	GO:0004016	GO:0006171
WP_193328910.1	GO:0008033	GO:0016783
WP_011024790.1	GO:0008982	GO:0009401
WP_226990207.1	GO:0006508	GO:0008236
WP_011024796.1	GO:0008926	GO:0019594
WP_011024547.1	GO:0003677	GO:0003918	GO:0005524	GO:0005694	GO:0006265
WP_011025270.1	GO:0016491
WP_011024959.1	GO:0006525	GO:0008804
WP_011026541.1	GO:0005524	GO:0016887
WP_011025505.1	GO:0016491	GO:0051536
WP_011026739.1	GO:0016491
WP_011026430.1	GO:0003677	GO:0006352	GO:0006355	GO:0016987
WP_011025760.1	GO:0004722	GO:0006470
WP_011024929.1	GO:0005198	GO:0009288
WP_011025103.1	GO:0006935	GO:0007165
WP_031313865.1	GO:0002161
WP_009611123.1	GO:0008760	GO:0019277
WP_011025700.1	GO:0009306	GO:0016020	GO:0044780
WP_011025954.1	GO:0009306	GO:0015450	GO:0016020
WP_011024837.1	GO:0022857	GO:0055085
WP_011025002.1	GO:0000150	GO:0003677	GO:0006310	GO:0006355
WP_011026322.1	GO:0003735	GO:0005840	GO:0006412
WP_011026748.1	GO:0003735	GO:0005840	GO:0006412
WP_011025131.1	GO:0032784	GO:0140673
WP_011025623.1	GO:0004674	GO:0005524	GO:0006468	GO:0016989	GO:0042174	GO:0045892
WP_011026090.1	GO:0000166
WP_011026499.1	GO:0004659	GO:0016020
WP_011026740.1	GO:0003677	GO:0005515
WP_011024888.1	GO:0005542	GO:0016740
WP_041587090.1	GO:0002161	GO:0004823	GO:0005524	GO:0006429
WP_011024740.1	GO:0008108	GO:0008270	GO:0033499
WP_011026378.1	GO:0005515
WP_009610633.1	GO:0005524	GO:0005737	GO:0016310	GO:0047761
WP_011025994.1	GO:0005975	GO:0008184	GO:0030170
WP_011024758.1	GO:0005960	GO:0019464
WP_041587293.1	GO:0005525
WP_011025160.1	GO:0005524	GO:0016887
WP_011025892.1	GO:0004177	GO:0006508	GO:0008270
WP_011025026.1	GO:0043190	GO:0055085
WP_011025690.1	GO:0006935	GO:0050568
WP_011026069.1	GO:0016811
WP_009610073.1	GO:0005524	GO:0016020	GO:0016887	GO:0055085
WP_031314026.1	GO:0006364
WP_041587162.1	GO:0009306	GO:0016020	GO:0044780
WP_009610460.1	GO:0005524	GO:0005737	GO:0006754	GO:0009288	GO:0016887	GO:0030254	GO:0030257	GO:0044780	GO:0046961	GO:0071973	GO:1902600
WP_011025649.1	GO:0004014	GO:0008295
WP_009611037.1	GO:0005737	GO:0006221	GO:0033862
WP_009611242.1	GO:0016746
WP_009610237.1	GO:0008252
WP_011026070.1	GO:0005524
WP_009611078.1	GO:0003989	GO:0006633	GO:0009317
WP_011026554.1	GO:0009847	GO:0016787
WP_011024581.1	GO:0005975
WP_011025697.1	GO:0009306	GO:0016020	GO:0044780
WP_011026342.1	GO:0003735	GO:0006412	GO:0015935
WP_041587229.1	GO:0004358	GO:0006526
WP_011025386.1	GO:0000160	GO:0003677	GO:0006355
WP_011026165.1	GO:0003697	GO:0006260
WP_011026539.1	GO:0043190	GO:0055085	GO:0140359
WP_009610872.1	GO:0006284	GO:0008725
WP_011026332.1	GO:0003723	GO:0003735	GO:0006412
WP_011025651.1	GO:0006400	GO:0035596	GO:0051539
WP_011025579.1	GO:0003677	GO:0006352	GO:0006355	GO:0016987
WP_011025328.1	GO:0003677	GO:0006355
WP_011025935.1	GO:0003676
WP_009610307.1	GO:0005515	GO:0005524	GO:0016887
WP_011025484.1	GO:0016020	GO:0140359
WP_011026254.1	GO:0006522	GO:0008784
WP_011026084.1	GO:0005975	GO:0016301	GO:0016773
WP_011024610.1	GO:0016020
WP_011024839.1	GO:0005524
WP_011026109.1	GO:0005515	GO:0006508	GO:0008236
WP_011026364.1	GO:0008685	GO:0016114
WP_226990158.1	GO:0004725	GO:0030145
WP_011026324.1	GO:0003735	GO:0005840	GO:0006412
WP_009610874.1	GO:0001522	GO:0003723	GO:0009982
WP_011026760.1	GO:0016020	GO:0032977
WP_009610685.1	GO:0008444	GO:0008654	GO:0016020
WP_011025023.1	GO:0016884
WP_011025047.1	GO:0005524	GO:0015986	GO:0045261	GO:0046933	GO:1902600
WP_011025860.1	GO:0003677	GO:0006352	GO:0006355	GO:0016987
WP_011024767.1	GO:0097367	GO:1901135
WP_041587113.1	GO:0000150	GO:0003677	GO:0006310
WP_011024599.1	GO:0004148	GO:0050660
WP_009610350.1	GO:0042301
WP_011026478.1	GO:0003677	GO:0005515
WP_259082232.1	GO:0016787
WP_031313904.1	GO:0000287	GO:0003924	GO:0005525
WP_011025130.1	GO:0003824	GO:0009058
WP_011025536.1	GO:0003824	GO:0009058	GO:0030170
WP_011026232.1	GO:0010181	GO:0016491
WP_226990130.1	GO:0005524	GO:0006298	GO:0030983	GO:0140664
WP_011026106.1	GO:0003677	GO:0005515	GO:0005524	GO:0006289	GO:0009380	GO:0016887
WP_011026301.1	GO:0016787
WP_011025097.1	GO:0006221	GO:0016491	GO:0050660	GO:0051537
WP_011026370.1	GO:0016020	GO:0030001	GO:0046873
WP_011025043.1	GO:0015078	GO:0015986	GO:0033177	GO:0045263	GO:1902600
WP_011026382.1	GO:0008483	GO:0030170
WP_011026572.1	GO:0000287	GO:0004749	GO:0009156	GO:0009165	GO:0044249
WP_031314078.1	GO:0009401	GO:0016020	GO:0019563	GO:0047324
WP_041587163.1	GO:0005524	GO:0008233	GO:0009376	GO:0016887
WP_011026721.1	GO:0016491	GO:0051536
WP_011026327.1	GO:0003723	GO:0003735	GO:0005840	GO:0006412
WP_011025165.1	GO:0005975	GO:0016773	GO:0016779
WP_009610950.1	GO:0004371	GO:0006071
WP_011026170.1	GO:0030435
WP_009610965.1	GO:0003677
WP_011025583.1	GO:0015627	GO:0015628	GO:0030420
WP_011024983.1	GO:0000155	GO:0000160
WP_011025021.1	GO:0006450
WP_011025366.1	GO:0003824	GO:0031419	GO:0046872	GO:0051536
WP_011025049.1	GO:0016020
WP_011025401.1	GO:0004888	GO:0006935	GO:0007165	GO:0016020
WP_011026443.1	GO:0016020	GO:0055085
WP_011026559.1	GO:0003700	GO:0006355	GO:0043565
WP_011024797.1	GO:0000166	GO:0009166	GO:0016788	GO:0046872
WP_041587156.1	GO:0016813	GO:0046872
WP_041587082.1	GO:0043190	GO:0055085
WP_009609999.1	GO:0004519	GO:0006259	GO:0008408
WP_011026357.1	GO:0003723	GO:0006396	GO:0008173
WP_011024899.1	GO:0004645	GO:0006206	GO:0006213	GO:0016154
WP_011026034.1	GO:0055085	GO:0140359
WP_009610316.1	GO:0003676	GO:0004824	GO:0005524	GO:0005737	GO:0006430
WP_011026288.1	GO:0016491	GO:0046872
WP_011025515.1	GO:0003677	GO:0005524	GO:0006281	GO:0006310	GO:0009378	GO:0009379
WP_011026230.1	GO:0003677	GO:0006310	GO:0015074
WP_011024653.1	GO:0004845	GO:0006223
WP_011024999.1	GO:0003921	GO:0005524	GO:0006177
WP_011026261.1	GO:0003677
WP_011026611.1	GO:0008887	GO:0031388
WP_011025723.1	GO:0005525
WP_011026351.1	GO:0032784	GO:0140673
WP_011025286.1	GO:0003824	GO:0051536
WP_011024639.1	GO:0046872
WP_011026745.1	GO:0003676
WP_041587251.1	GO:0005737	GO:0016661	GO:0051536
WP_031314036.1	GO:0003677	GO:0006310	GO:0015074
WP_041587150.1	GO:0006807	GO:0008881	GO:0036361
WP_050724078.1	GO:0016746
WP_011025511.1	GO:0005524
WP_009611104.1	GO:0046872
WP_011025294.1	GO:0009435	GO:0016779
WP_011026503.1	GO:0004222	GO:0006508
WP_011026004.1	GO:0003872	GO:0005524	GO:0006002	GO:0006096
WP_011026526.1	GO:0005524	GO:0016020	GO:0016887	GO:0055085	GO:0140359
WP_011025647.1	GO:0019288	GO:0046872	GO:0050992	GO:0051745
WP_011025224.1	GO:0004073	GO:0009086	GO:0009088	GO:0009089	GO:0009097	GO:0046983	GO:0050661	GO:0051287
WP_011026658.1	GO:0003677	GO:0006355
WP_011024550.1	GO:0019752	GO:0046912
WP_011025563.1	GO:0003824	GO:0031419
WP_009611035.1	GO:0005506	GO:0016114	GO:0044237	GO:0046429
WP_009610404.1	GO:0000105	GO:0005737
WP_011026212.1	GO:0003700	GO:0006352	GO:0006355
WP_011024946.1	GO:0036094
WP_011024938.1	GO:0015276	GO:0016020
WP_011026031.1	GO:0005525	GO:0006826	GO:0015093	GO:0016020
WP_011025264.1	GO:0003924	GO:0005525
WP_009609829.1	GO:0005975	GO:0008061
WP_011024583.1	GO:0016491
WP_011025790.1	GO:0003677
WP_009610631.1	GO:0004791	GO:0005737	GO:0019430
WP_009610659.1	GO:0051920	GO:0098869
WP_011025634.1	GO:0016747
WP_009609833.1	GO:0004140	GO:0005524	GO:0015937
WP_031314080.1	GO:0005436	GO:0016020	GO:0044341
WP_041587099.1	GO:0005515
WP_011024968.1	GO:0003995	GO:0050660
WP_011025149.1	GO:0016779
WP_011026033.1	GO:0046914
WP_011025763.1	GO:0004479	GO:0071951
WP_011024859.1	GO:0016020	GO:0055085
WP_259081736.1	GO:0005524	GO:0016020	GO:0055085	GO:0140359
WP_011025172.1	GO:0005886	GO:0015225	GO:0015878
WP_011025889.1	GO:0004148	GO:0050660
WP_011025715.1	GO:0030694	GO:0071973
WP_009610918.1	GO:0016020	GO:0022857	GO:0055085
WP_011024967.1	GO:0003824
WP_011026011.1	GO:0003677
WP_041587146.1	GO:0005737	GO:0051499
WP_011025836.1	GO:0006568	GO:0009034
WP_011025527.1	GO:0015969
WP_011025792.1	GO:0003677	GO:0006306	GO:0008170	GO:0032259
WP_011026649.1	GO:0004521	GO:0043571
WP_011025940.1	GO:0005886	GO:0008961	GO:0042158
WP_011026755.1	GO:0005524	GO:0008654	GO:0016301	GO:0016310
WP_041587270.1	GO:0005524	GO:0016887
WP_011025535.1	GO:0006520	GO:0016639
WP_041587155.1	GO:0016491	GO:0051537
WP_011025750.1	GO:0003690	GO:0006265
WP_009610411.1	GO:0000105	GO:0003879	GO:0005737
WP_011026551.1	GO:0005524	GO:0005737	GO:0008716	GO:0046872
WP_011026235.1	GO:0000105	GO:0003949
WP_011026349.1	GO:0003723	GO:0003735	GO:0006412	GO:0015934
WP_011025867.1	GO:0009252	GO:0016020	GO:0051301
WP_011026346.1	GO:0003677	GO:0003899	GO:0006351	GO:0032549
WP_011025744.1	GO:0006082	GO:0016301	GO:0016310	GO:0016774
WP_011024886.1	GO:0007165	GO:0016020
WP_031314158.1	GO:0008381	GO:0016020	GO:0055085
WP_011025868.1	GO:0008963	GO:0016020
WP_011025704.1	GO:0003774	GO:0006935	GO:0009425	GO:0016020	GO:0016787	GO:0071973
WP_011025580.1	GO:0008962
WP_041587135.1	GO:0004664	GO:0009094
WP_041587228.1	GO:0006807
WP_011025719.1	GO:0003677	GO:0003917	GO:0005694	GO:0006265
WP_011025971.1	GO:0003677
WP_011025385.1	GO:0003866	GO:0009073
WP_011026568.1	GO:0004045
WP_011026045.1	GO:0003824	GO:0051536
WP_041587286.1	GO:0006355	GO:0051536
WP_011024548.1	GO:0003677	GO:0004803	GO:0006313
WP_011024672.1	GO:0030694	GO:0071973
WP_011025486.1	GO:0005524	GO:0016887
WP_011025795.1	GO:0043190	GO:0055085
WP_011026512.1	GO:0022857
WP_011025718.1	GO:0004298	GO:0005839	GO:0009376	GO:0051603
WP_041587158.1	GO:0005524	GO:0006298	GO:0030983	GO:0140664
WP_011024633.1	GO:0008137
WP_011025902.1	GO:0003743	GO:0006413
WP_050724084.1	GO:0005524	GO:0009058	GO:0016881
WP_011024590.1	GO:0016836
WP_011026423.1	GO:0000155	GO:0007165	GO:0016310
WP_009609854.1	GO:0009267	GO:0016020
WP_009610094.1	GO:0009116	GO:0017061
WP_011024761.1	GO:0051920
WP_011026614.1	GO:0004795	GO:0009088	GO:0030170
WP_011024701.1	GO:0005996	GO:0016872	GO:0048029
WP_011025713.1	GO:0003774	GO:0009431	GO:0071973
WP_009610276.1	GO:0016020	GO:0055070
WP_011024870.1	GO:0016740
WP_011025728.1	GO:0003735	GO:0005840	GO:0006412
WP_041587236.1	GO:0005975	GO:0008662
WP_011025873.1	GO:0003677	GO:0003700	GO:0006355
WP_011026039.1	GO:0001514	GO:0004125	GO:0005737
WP_011024687.1	GO:0003824
WP_041587108.1	GO:0004176	GO:0004252	GO:0006508
WP_011026101.1	GO:0003677	GO:0005515	GO:0006289	GO:0009380	GO:0009381
WP_031314020.1	GO:0003676
WP_011024765.1	GO:0009401	GO:0016020
WP_009610000.1	GO:0003824
WP_041587361.1	GO:0016462
WP_011025326.1	GO:0003924	GO:0005525
WP_041587181.1	GO:0005506	GO:0009055
WP_011024690.1	GO:0004802
WP_011026457.1	GO:0003723	GO:0004826
WP_011026673.1	GO:0006364	GO:0008168
WP_009611084.1	GO:0003941	GO:0006094	GO:0051539
WP_011025786.1	GO:0001522	GO:0003723	GO:0009982
WP_011025217.1	GO:0004252	GO:0006508
WP_009610628.1	GO:0005524	GO:0005737	GO:0016310	GO:0047761
WP_011026271.1	GO:0004360	GO:0097367	GO:1901137
WP_011025195.1	GO:0016020	GO:0055085
WP_011025220.1	GO:0016787
WP_011024819.1	GO:0042242
WP_011026055.1	GO:0006596	GO:0016765
WP_226990164.1	GO:0000155	GO:0000160	GO:0005737	GO:0006935	GO:0016310
WP_011025128.1	GO:0031419	GO:0046872	GO:0046983
WP_041587191.1	GO:0005515	GO:0051301
WP_011026330.1	GO:0003735	GO:0005840	GO:0006412
WP_011025986.1	GO:0004222	GO:0006508
WP_011025157.1	GO:0003677	GO:0006355
WP_009611014.1	GO:0003824
WP_009611026.1	GO:0008643	GO:0015144
WP_226990136.1	GO:0016020	GO:0055085
WP_011024553.1	GO:0004160	GO:0009082
WP_009611237.1	GO:0016625
WP_011026358.1	GO:0004525	GO:0006396
WP_011025015.1	GO:0008982	GO:0009401
WP_011026116.1	GO:0003735	GO:0005840	GO:0006412	GO:0008097
WP_011024587.1	GO:0008033
WP_011026083.1	GO:0004616	GO:0006098	GO:0050661
WP_011025192.1	GO:0003677	GO:0006355
WP_011024632.1	GO:0008137	GO:0048038	GO:0051539
WP_011025855.1	GO:0005315	GO:0005886	GO:0035435
WP_011025942.1	GO:0008270	GO:0016805
WP_011026473.1	GO:0030435
WP_022587362.1	GO:0030435
WP_041587237.1	GO:0003700	GO:0006355
WP_011025159.1	GO:0097367	GO:1901135
WP_011025556.1	GO:0004821	GO:0005524	GO:0005737	GO:0006427
WP_011025742.1	GO:0004315	GO:0006633
WP_011026474.1	GO:0030435
WP_011024572.1	GO:0016491
WP_011026102.1	GO:0008658
WP_041587175.1	GO:0004829	GO:0005524	GO:0005737	GO:0006435
WP_011025848.1	GO:0005515
WP_011024657.1	GO:0008761
WP_011026388.1	GO:0016020	GO:0055085
WP_102008960.1	GO:0005524	GO:0006355	GO:0008134
WP_011025452.1	GO:0000160
WP_011024707.1	GO:0005524	GO:0006040	GO:0009254	GO:0016773
WP_011026108.1	GO:0005515	GO:0006508
WP_011024752.1	GO:0000160	GO:0003700	GO:0006355	GO:0043565
WP_102008974.1	GO:0004061	GO:0019441
WP_011025691.1	GO:0016787
WP_011024840.1	GO:0016020	GO:0140359
WP_011025276.1	GO:0000902
WP_011025975.1	GO:0016491	GO:0051539
WP_011024770.1	GO:0046872	GO:1990362
WP_011024792.1	GO:0004553	GO:0005975
WP_009610495.1	GO:0005524	GO:0009252	GO:0016881
WP_011024821.1	GO:0009236	GO:0016020	GO:0048472
WP_081427430.1	GO:0006051	GO:0047465
WP_011024539.1	GO:0003688	GO:0005524	GO:0006270	GO:0006275
WP_011025846.1	GO:0005886	GO:0008654	GO:0043772
WP_011026216.1	GO:0003677	GO:0006281	GO:0032508	GO:0043139
WP_011025539.1	GO:0016491
WP_011025765.1	GO:0003677	GO:0003678	GO:0005524	GO:0006260	GO:0016787	GO:0032508
WP_050724088.1	GO:0003824	GO:0051536
WP_011026407.1	GO:0003848	GO:0009396
WP_011024656.1	GO:0016020	GO:0016780
WP_011024924.1	GO:0005198	GO:0009424	GO:0044780
WP_011024958.1	GO:0004585	GO:0006591	GO:0016597
WP_041587154.1	GO:0004488
WP_009610409.1	GO:0000105	GO:0004424
WP_011025789.1	GO:0016779
WP_011026650.1	GO:0003676	GO:0004520	GO:0043571	GO:0046872	GO:0051607
WP_041587102.1	GO:0005506	GO:0016491
WP_011026693.1	GO:0016491	GO:0050660
WP_041587335.1	GO:0015035
WP_011026663.1	GO:0016226
WP_011025829.1	GO:0000049	GO:0002161	GO:0004822	GO:0005524	GO:0006428
WP_011024615.1	GO:0003677
WP_031314258.1	GO:0003677	GO:0006355
WP_235619549.1	GO:0003700	GO:0006355
WP_009610007.1	GO:0016020
WP_009611300.1	GO:0006221	GO:0016491	GO:0050660	GO:0051537
WP_011025653.1	GO:0005524	GO:0006298	GO:0016887	GO:0030983	GO:0032300	GO:0140664
WP_011026432.1	GO:0005524	GO:0016887
WP_011026072.1	GO:0016020	GO:0022857	GO:0055085
WP_041587379.1	GO:0003700	GO:0006355
WP_009610646.1	GO:0000155	GO:0000160	GO:0016020
WP_011026329.1	GO:0003735	GO:0005840	GO:0006412
WP_081427417.1	GO:0030699	GO:0030700
WP_011024673.1	GO:0009426	GO:0071973
WP_011025301.1	GO:0006508	GO:0009002
WP_011025814.1	GO:0004834	GO:0006568
WP_009609724.1	GO:0008299
WP_011025775.1	GO:0008033
WP_011024911.1	GO:0003677	GO:0006355
WP_011026467.1	GO:0003676
WP_011026565.1	GO:0003755
WP_009610279.1	GO:0004222	GO:0006508
WP_031314284.1	GO:0004252	GO:0005515	GO:0006508
WP_009610698.1	GO:0008033	GO:0008171
WP_011025013.1	GO:0006355	GO:0008982	GO:0009401
WP_009610673.1	GO:0003676
WP_011025354.1	GO:0005524	GO:0016772
WP_050724067.1	GO:0006355	GO:0008982	GO:0009401
WP_011025332.1	GO:0006479	GO:0008276
WP_041587190.1	GO:0003824	GO:0008270
WP_009610537.1	GO:0001522	GO:0003723	GO:0009982
WP_009611121.1	GO:0005975	GO:0030259	GO:0050511
WP_009611181.1	GO:0016616	GO:0051287
WP_011024604.1	GO:0003824
WP_011026543.1	GO:0004814	GO:0005524	GO:0005737	GO:0006420
WP_009609652.1	GO:0016747
WP_009610753.1	GO:0004372	GO:0019264	GO:0030170	GO:0035999
WP_011026758.1	GO:0003924	GO:0005515	GO:0005525	GO:0006400
WP_011024788.1	GO:0008982	GO:0009401	GO:0016020
WP_011024771.1	GO:0008658
WP_011025091.1	GO:0005524	GO:0006355	GO:0008134	GO:0043565
WP_041587078.1	GO:0003676	GO:0006479	GO:0008276
WP_011026385.1	GO:0000160	GO:0003700	GO:0006355	GO:0043565
WP_011025437.1	GO:0005515	GO:0006355
WP_041587120.1	GO:0005515
WP_011024620.1	GO:0004536
WP_041587362.1	GO:0007165	GO:0016020
WP_011024897.1	GO:0004126	GO:0008270	GO:0009972
WP_011025381.1	GO:0003856	GO:0005737	GO:0009073
WP_011026538.1	GO:0003677	GO:0004803	GO:0006313
WP_011025466.1	GO:0016787
WP_009610755.1	GO:0006071	GO:0006355
WP_011025720.1	GO:0003723	GO:0004523
WP_009611132.1	GO:0004672	GO:0005524	GO:0006468
WP_011024961.1	GO:0002949
WP_011024995.1	GO:0005524	GO:0006457	GO:0044183
WP_011025168.1	GO:0000155	GO:0007165	GO:0016020	GO:0016310
WP_226990168.1	GO:0005524
WP_011024688.1	GO:0006086	GO:0016746	GO:0045254
WP_011025196.1	GO:0000287	GO:0005975	GO:0008801
WP_031313989.1	GO:0005524	GO:0006355	GO:0008134	GO:0009401	GO:0016020
WP_011026427.1	GO:0004722
WP_259082522.1	GO:0005524	GO:0016020	GO:0055085	GO:0140359
WP_011026550.1	GO:0009267	GO:0016020
WP_011025674.1	GO:0005975	GO:0016810
WP_011025278.1	GO:0008360	GO:0016020
WP_009610963.1	GO:0006534	GO:0030170	GO:0031071
WP_031314173.1	GO:0005524	GO:0015833	GO:0016887
WP_041587176.1	GO:0034979	GO:0070403
WP_011025204.1	GO:0004642	GO:0006189
WP_011025612.1	GO:0008661	GO:0016114
WP_011025948.1	GO:0004731	GO:0009116
WP_011026306.1	GO:0016020	GO:0022857	GO:0055085
WP_011026584.1	GO:0006355
WP_011024802.1	GO:0043190	GO:0055085
WP_009609849.1	GO:0003697	GO:0006260
WP_009610762.1	GO:0000155	GO:0000160	GO:0016020
WP_011025227.1	GO:0005524	GO:0016020	GO:0016887	GO:0055085	GO:0140359
WP_009052707.1	GO:1900723
WP_009609861.1	GO:0008137	GO:0010181	GO:0051539
WP_081427410.1	GO:0003824	GO:0019346	GO:0030170
WP_011026002.1	GO:0003824	GO:0005975	GO:0030246
WP_011026353.1	GO:0003735	GO:0005840	GO:0006412
WP_011026496.1	GO:0004124	GO:0006535
WP_011026571.1	GO:0000160	GO:0003677	GO:0006355
WP_041587313.1	GO:0005524	GO:0016887
WP_011025352.1	GO:0004820	GO:0005524	GO:0005737	GO:0006426
WP_011026154.1	GO:0003676
WP_011025319.1	GO:0003723	GO:0003735	GO:0005840	GO:0006412
WP_011026528.1	GO:0003677	GO:0003887	GO:0006281
WP_011025372.1	GO:0009055	GO:0010181	GO:0016491	GO:0046872
WP_011025957.1	GO:0004618	GO:0006096
WP_041587375.1	GO:0016791
WP_009610630.1	GO:0019605	GO:0050182
WP_011026274.1	GO:0016491
WP_011024849.1	GO:0005524
WP_011025900.1	GO:0003735	GO:0005840	GO:0006412	GO:0019843
WP_011025424.1	GO:0000160
WP_009610916.1	GO:0005524	GO:0015833	GO:0016887
WP_011024755.1	GO:0005524	GO:0016887
WP_011026675.1	GO:0004252	GO:0005515	GO:0006508
WP_011026375.1	GO:0004471	GO:0051287
WP_226990147.1	GO:0000049	GO:0004825	GO:0005524	GO:0006431
WP_009610335.1	GO:0005315	GO:0006817	GO:0016020	GO:0055085
WP_041587084.1	GO:0046914
WP_009609940.1	GO:0006725	GO:0008198	GO:0016491
WP_011025318.1	GO:0003677	GO:0003887	GO:0006260	GO:0009360
WP_011025809.1	GO:0008270
WP_009611115.1	GO:0005515
WP_011026553.1	GO:0009847
WP_081427418.1	GO:0030699	GO:0030700
WP_011026744.1	GO:0003735	GO:0005840	GO:0006412
WP_226990170.1	GO:0005515
WP_011025402.1	GO:0006935	GO:0007165
WP_041587183.1	GO:0016020	GO:0055085
WP_041587262.1	GO:0046872
WP_011026065.1	GO:0005524	GO:0015833	GO:0016887
WP_011025028.1	GO:0016020	GO:0055085
WP_031313941.1	GO:0003677	GO:0006352	GO:0006355	GO:0016987
WP_011026337.1	GO:0003735	GO:0005840	GO:0006412
WP_011026702.1	GO:0005524	GO:0016020	GO:0016887	GO:0055085	GO:0140359
WP_041587179.1	GO:0003677	GO:0006352	GO:0006355	GO:0016987
WP_011025650.1	GO:0008757
WP_011025915.1	GO:0004107	GO:0009073
WP_011025212.1	GO:0006537	GO:0015930
WP_011026574.1	GO:0030435
WP_009610733.1	GO:0016491	GO:0050660
WP_011025340.1	GO:0016884
WP_011024746.1	GO:0016491
WP_041587161.1	GO:0004176	GO:0004252	GO:0006508
WP_031313909.1	GO:0043937	GO:0046983
WP_011026338.1	GO:0003735	GO:0005840	GO:0006412
WP_041587387.1	GO:0005524	GO:0016887
WP_011025778.1	GO:0004152	GO:0005737	GO:0006207	GO:0006222
WP_011026171.1	GO:0004190	GO:0016020
WP_041587295.1	GO:0003677	GO:0004803	GO:0006313
WP_009610693.1	GO:0009306	GO:0016020
WP_011024769.1	GO:0003677	GO:0004803	GO:0006313
WP_009611015.1	GO:0006629
WP_011025016.1	GO:0008982	GO:0009401	GO:0016020
WP_011026042.1	GO:0004315	GO:0006633
WP_011025132.1	GO:0000287	GO:0005975	GO:0008966	GO:0071704
WP_041587101.1	GO:0008982	GO:0009401	GO:0015572	GO:0019866
WP_011026488.1	GO:0005524	GO:0006812	GO:0016020	GO:0016887	GO:0019829
WP_011026024.1	GO:0006260	GO:0008998
WP_031313958.1	GO:0003676
WP_011024971.1	GO:0006631	GO:0016616	GO:0070403
WP_011025658.1	GO:0005524	GO:0016887
WP_011025732.1	GO:0005515	GO:0005524	GO:0005694	GO:0007062	GO:0016887	GO:0030261
WP_011025395.1	GO:0003824
WP_011026142.1	GO:0003697
WP_011026015.1	GO:0043743
WP_011025338.1	GO:0003824
WP_009610262.1	GO:0004127	GO:0005524	GO:0006139
WP_011024866.1	GO:0003677	GO:0006352	GO:0006355	GO:0016987
WP_009609865.1	GO:0016310	GO:0016772
WP_011026245.1	GO:0004412	GO:0006520	GO:0050661
WP_011025283.1	GO:0008360	GO:0016020	GO:0051301
WP_009610640.1	GO:0006520	GO:0016639
WP_009610697.1	GO:0003723	GO:0004349	GO:0005524	GO:0005737	GO:0006561
WP_009610273.1	GO:0016746
WP_011025156.1	GO:0007165	GO:0016020
WP_011026716.1	GO:0005524	GO:0016887
WP_009609655.1	GO:0004553	GO:0005975
WP_011024643.1	GO:0004332	GO:0006096	GO:0008270	GO:0030388
WP_011025122.1	GO:0043720
WP_011025694.1	GO:0035438
WP_011026491.1	GO:0008641
WP_011024574.1	GO:0016020	GO:0055085
WP_011025030.1	GO:0005524	GO:0015833	GO:0016887
WP_011025953.1	GO:0016793
WP_011025471.1	GO:0030435
WP_009611041.1	GO:0016765
WP_011025226.1	GO:0005524	GO:0016020	GO:0016887	GO:0055085	GO:0140359
WP_011025427.1	GO:0003677
WP_011025856.1	GO:0000155	GO:0006355	GO:0007165	GO:0016020	GO:0016310
WP_011025914.1	GO:0005524	GO:0006355	GO:0008134	GO:0043565
WP_011024970.1	GO:0009055	GO:0050660
WP_041587222.1	GO:0006567	GO:0008270	GO:0008743
WP_011025403.1	GO:0000156	GO:0000160	GO:0005737	GO:0006935	GO:0008984
WP_011026336.1	GO:0003735	GO:0005840	GO:0006412	GO:0019843
WP_009610272.1	GO:0001522	GO:0003723	GO:0009982
WP_011026081.1	GO:0016020	GO:0055085
WP_011026713.1	GO:0005524	GO:0016020	GO:0016887	GO:0055085	GO:0140359
WP_011025299.1	GO:0016491	GO:0050661
WP_226990184.1	GO:0008233	GO:0009372	GO:0016020
WP_011024543.1	GO:0004553	GO:0005975	GO:0030246
WP_041587125.1	GO:0047429
WP_011025018.1	GO:0003700	GO:0006355	GO:0043565
WP_011025426.1	GO:0016810
WP_011025005.1	GO:0004641	GO:0006189
WP_011024909.1	GO:0016787
WP_011025177.1	GO:0016747
WP_011025722.1	GO:0004830	GO:0005524	GO:0006436
WP_011025781.1	GO:0004151	GO:0006221	GO:0046872
WP_011024705.1	GO:0008836	GO:0009089
WP_011025702.1	GO:0016020	GO:0044781
WP_011025575.1	GO:0003723	GO:0004521	GO:0004534	GO:0006396	GO:0008270	GO:0090501
WP_011025523.1	GO:0006886	GO:0015450	GO:0016020	GO:0055085
WP_041587115.1	GO:0008444	GO:0008654	GO:0016020
WP_004401162.1	GO:0003677	GO:0006352	GO:0006355	GO:0016987
WP_011025726.1	GO:0005840	GO:0006364	GO:0043022
WP_011026361.1	GO:0000049	GO:0004818	GO:0005524	GO:0006424	GO:0008270
WP_011026525.1	GO:0005524	GO:0016020	GO:0016887	GO:0055085	GO:0140359
WP_193328921.1	GO:0000160
WP_011024965.1	GO:0006935	GO:0071978
WP_226990173.1	GO:0005388	GO:0005524	GO:0016020	GO:0016887	GO:0070588
WP_009610930.1	GO:0016020
WP_041587107.1	GO:0003677	GO:0003678	GO:0005524	GO:0005737	GO:0006268	GO:0016787
WP_009610727.1	GO:0008972	GO:0009228
WP_011025509.1	GO:0006508	GO:0008236
WP_235619557.1	GO:0016757
WP_011025752.1	GO:0003676	GO:0003678	GO:0005524	GO:0006281	GO:0006310
WP_011026738.1	GO:0005524	GO:0016020	GO:0016887	GO:0055085	GO:0140359
WP_009611088.1	GO:0003941	GO:0006094
WP_011026691.1	GO:0016811
WP_009610442.1	GO:0030694	GO:0071973
WP_031313922.1	GO:0003723
WP_011026246.1	GO:0005506	GO:0009055
WP_011025344.1	GO:0003723	GO:0005524
WP_011025272.1	GO:0005506	GO:0008137	GO:0008901	GO:0016020	GO:0042773	GO:0051536
WP_011026105.1	GO:0003677	GO:0005524	GO:0006289	GO:0009380	GO:0016887
WP_009052954.1	GO:0008936	GO:0019365
WP_041587324.1	GO:0004590	GO:0006207	GO:0006221
WP_009610337.1	GO:0005829	GO:0006508	GO:0016920
WP_011026424.1	GO:0004176	GO:0004222	GO:0005524	GO:0006508	GO:0008270	GO:0016020	GO:0016887
WP_009610967.1	GO:0005737	GO:0006364	GO:0008649
WP_011024703.1	GO:0043190	GO:0055085
WP_102008942.1	GO:0000160
WP_011025815.1	GO:0000162	GO:0004834
WP_009609666.1	GO:0005524	GO:0016887
WP_009611042.1	GO:0006412
WP_011025329.1	GO:0000774	GO:0006457	GO:0042803	GO:0051087
WP_011025048.1	GO:0015986	GO:0045261	GO:0046933
WP_011025300.1	GO:0003824	GO:0031419	GO:0046872
WP_011025004.1	GO:0004639	GO:0006164	GO:0009236
WP_011025741.1	GO:0018580
WP_011024791.1	GO:0009401
WP_226990188.1	GO:0004067	GO:0006528
WP_011026292.1	GO:0000287	GO:0004417	GO:0005524	GO:0009228
WP_011025770.1	GO:0005737	GO:0008837	GO:0009089
WP_009610921.1	GO:0003999	GO:0005737	GO:0006168
WP_011025492.1	GO:0016020	GO:0022857	GO:0055085
WP_009610996.1	GO:0006807	GO:0036361	GO:0047661
WP_011025764.1	GO:0042586
WP_009610971.1	GO:0002098	GO:0050660
WP_009610515.1	GO:0004375	GO:0006546	GO:0009116
WP_011026241.1	GO:0003824	GO:0005975	GO:0030246
WP_011025255.1	GO:0000156	GO:0000160	GO:0003677
WP_009610743.1	GO:0004791	GO:0005737	GO:0019430
WP_009610264.1	GO:0003700	GO:0006355	GO:0097367	GO:1901135
WP_011026103.1	GO:0016020	GO:0051301
WP_041587172.1	GO:0003824
WP_011025972.1	GO:0003824	GO:0051536
WP_011026335.1	GO:0003723	GO:0003735	GO:0006412	GO:0015934	GO:0016740
WP_011025173.1	GO:0004518
WP_011024884.1	GO:0016020	GO:0022857	GO:0055085
WP_041587321.1	GO:0003824
WP_011026419.1	GO:0003924	GO:0005525
WP_011025687.1	GO:0003735	GO:0006412	GO:0015935
WP_009610244.1	GO:0016491
WP_011024700.1	GO:0005524
WP_011026127.1	GO:0016491
WP_011025234.1	GO:0004397	GO:0005737	GO:0006548
WP_011026534.1	GO:0016020	GO:0055085
WP_011025331.1	GO:0005524	GO:0006457	GO:0009408	GO:0031072	GO:0051082
WP_081427416.1	GO:0004756	GO:0005524	GO:0016260
WP_226990142.1	GO:0005515
WP_011024798.1	GO:0008033	GO:0017150	GO:0050660
WP_011026507.1	GO:0004056	GO:0042450
WP_041587363.1	GO:0004789	GO:0009228
WP_009611118.1	GO:0005524	GO:0005737	GO:0008360	GO:0008764	GO:0009058	GO:0051301
WP_011024932.1	GO:0043937	GO:0046983
WP_041587245.1	GO:0003677
WP_011026333.1	GO:0003735	GO:0006412	GO:0015934
WP_011024669.1	GO:0030435
WP_041587241.1	GO:0004252	GO:0005618	GO:0006508	GO:0016020
WP_031313955.1	GO:0005524	GO:0005737	GO:0008360	GO:0009058	GO:0016881	GO:0051301
WP_041587216.1	GO:0016020	GO:0055085
WP_011025215.1	GO:0004359	GO:0042823
WP_011026067.1	GO:0016020	GO:0055085
WP_009610584.1	GO:0008658
WP_011025666.1	GO:0003677	GO:0005524
WP_011026247.1	GO:0016020
WP_011026625.1	GO:0003723	GO:0008173	GO:0030488
WP_011024900.1	GO:0007165	GO:0016020
WP_011025211.1	GO:0016491
WP_011025417.1	GO:0007165	GO:0016020
WP_011024810.1	GO:0043190	GO:0055085
WP_041587149.1	GO:0003700	GO:0006355	GO:0097367	GO:1901135
WP_011026134.1	GO:0003677	GO:0003896	GO:0006260	GO:0008270
WP_009610981.1	GO:0006629	GO:0008081
WP_009610256.1	GO:0003723	GO:0008168	GO:0032259
WP_011025346.1	GO:0004222	GO:0006364
WP_011024675.1	GO:0006633	GO:0016836
WP_009610387.1	GO:0008033
WP_011025444.1	GO:0016787
WP_011024637.1	GO:0003725	GO:0008270	GO:0016743	GO:0046944
WP_011026537.1	GO:0022857	GO:0055085
WP_041587210.1	GO:0001522	GO:0003723	GO:0009982
WP_009610924.1	GO:0006886	GO:0015450
WP_009610305.1	GO:0004156	GO:0009396	GO:0044237
WP_011024580.1	GO:0016757
WP_011024650.1	GO:0016020	GO:0030001	GO:0046873	GO:0055085
WP_009611289.1	GO:0005524	GO:0016887
WP_011026524.1	GO:0005886	GO:0015234	GO:0015888
WP_011025067.1	GO:0005975	GO:0015012	GO:0047464
WP_011026560.1	GO:0005524	GO:0016114	GO:0050515
WP_011024567.1	GO:0003677	GO:0006281	GO:0006310	GO:0046872
WP_009610076.1	GO:0016747
WP_009610444.1	GO:0003677	GO:0003700	GO:0005525	GO:0045892
WP_009610296.1	GO:0005524	GO:0016887
WP_011025980.1	GO:0003676	GO:0008270	GO:0016818
WP_011025061.1	GO:0000271	GO:0016616	GO:0016628	GO:0051287
WP_011026354.1	GO:0003746	GO:0003924	GO:0005525	GO:0006414
WP_011025938.1	GO:0005506	GO:0016226	GO:0051536
WP_011026601.1	GO:0005515
WP_011026131.1	GO:0005975	GO:0009058	GO:0016779	GO:0016868	GO:0071704
WP_011025899.1	GO:0003723	GO:0006396	GO:0008173
WP_081427411.1	GO:0030170
WP_009611021.1	GO:0005524
WP_011024986.1	GO:0006221	GO:0016491	GO:0050660	GO:0051537
WP_041587257.1	GO:0003700	GO:0006355	GO:0030246
WP_011024853.1	GO:0003700	GO:0006352	GO:0006355
WP_011025380.1	GO:0004222	GO:0006508
WP_011026754.1	GO:0004326	GO:0005524	GO:0009059	GO:0009396	GO:0046872
WP_041587219.1	GO:0003677	GO:0005515
WP_011025127.1	GO:0003824	GO:0031419
WP_041587300.1	GO:0000155	GO:0007165	GO:0016020	GO:0016310
WP_011024907.1	GO:0016429	GO:0030488	GO:0031515
WP_041587234.1	GO:0003677	GO:0045892	GO:0045982
WP_157858519.1	GO:0008643	GO:0015293	GO:0016020
WP_011025006.1	GO:0004644	GO:0006189
WP_011025959.1	GO:0030246
WP_011025834.1	GO:0090529
WP_011026313.1	GO:0003723	GO:0003735	GO:0005840	GO:0006412
WP_011025531.1	GO:0003700	GO:0006355
WP_011025941.1	GO:0003677	GO:0003916	GO:0005524	GO:0006265
WP_009610797.1	GO:0016020	GO:0022857	GO:0055085
WP_011025388.1	GO:0016787
WP_009610663.1	GO:0000041	GO:0016020
WP_011025291.1	GO:0003735	GO:0005840	GO:0006412
WP_031314292.1	GO:0008982	GO:0009401	GO:0016020
WP_011025761.1	GO:0008173	GO:0030488	GO:0051536	GO:0070475
WP_031314240.1	GO:0005975	GO:0016853
WP_011025280.1	GO:0000902	GO:0051302	GO:1901891
WP_011026339.1	GO:0003723	GO:0003735	GO:0005840	GO:0006412
WP_011026018.1	GO:0003677
WP_011026228.1	GO:0003677
WP_009610064.1	GO:0005524	GO:0016887
WP_009610358.1	GO:0003677	GO:0006355
WP_011026762.1	GO:0000049	GO:0004526	GO:0008033
WP_011025186.1	GO:0005524
WP_011026763.1	GO:0003735	GO:0005840	GO:0006412
WP_011025578.1	GO:0008658
WP_011024998.1	GO:0003938	GO:0006164
WP_011025825.1	GO:0044237	GO:0044249
WP_226990157.1	GO:0005524	GO:0006298	GO:0030983	GO:0140664
WP_100525963.1	GO:0000270	GO:0008933	GO:0016020
WP_011025008.1	GO:0004637	GO:0005524	GO:0009113	GO:0046872
WP_011025609.1	GO:0006308	GO:0008855	GO:0009318
WP_011026390.1	GO:0004348	GO:0006665
WP_009609656.1	GO:0003700	GO:0006355	GO:0097367	GO:1901135
WP_011024973.1	GO:0005524	GO:0006355	GO:0008134	GO:0043565
WP_009611039.1	GO:0005515	GO:0008299	GO:0030604	GO:0046872	GO:0070402
WP_011025983.1	GO:0051920
WP_031313953.1	GO:0008658
WP_041587079.1	GO:0003725
WP_009609894.1	GO:0004828	GO:0005524	GO:0006434
WP_011026058.1	GO:0015297	GO:0016020	GO:1902600
WP_009610465.1	GO:0008410
WP_011025208.1	GO:0004088	GO:0006207	GO:0006541
WP_011026604.1	GO:0003883	GO:0006241
WP_011025969.1	GO:0003690	GO:0006265
WP_011026257.1	GO:0000287	GO:0006633	GO:0008897
WP_041587104.1	GO:0044780
WP_011025094.1	GO:0000150	GO:0003677	GO:0006310	GO:0006355
WP_011024696.1	GO:0015379	GO:0016020	GO:0071805
WP_009610692.1	GO:0004764	GO:0019632	GO:0050661
WP_009610290.1	GO:0016020
WP_011024783.1	GO:0004730
WP_011026394.1	GO:0005524	GO:0016020	GO:0055085	GO:0140359
WP_011024826.1	GO:0008818	GO:0051073
WP_011026719.1	GO:0005524	GO:0016020	GO:0055085	GO:0140359
WP_011026433.1	GO:0055085	GO:0140359
WP_011025548.1	GO:0016853	GO:0031419	GO:0046872
WP_011026386.1	GO:0000155	GO:0000160	GO:0016020
WP_011026688.1	GO:0004019	GO:0005525	GO:0006164
WP_011025052.1	GO:0005524	GO:0016887
WP_011025181.1	GO:0003677	GO:0005515
WP_009609653.1	GO:0016747
WP_011026359.1	GO:0004817	GO:0005524	GO:0005737	GO:0006423
WP_011024540.1	GO:0003677	GO:0003887	GO:0006260	GO:0008408	GO:0009360
WP_031314172.1	GO:0003677	GO:0006355
WP_011024874.1	GO:0005524
WP_011026295.1	GO:0005524
WP_011024811.1	GO:0007155	GO:0030001	GO:0046872
WP_011025140.1	GO:0009103	GO:0016020
WP_011025966.1	GO:0008033	GO:0008616	GO:0016491
WP_011024575.1	GO:0005524	GO:0015833
WP_011024927.1	GO:0044780
WP_041587271.1	GO:0004222	GO:0016020	GO:0071586
WP_011026076.1	GO:0003978	GO:0006012
WP_011025724.1	GO:0003735	GO:0005840	GO:0006412
WP_011026556.1	GO:0009847	GO:0016020
WP_009610246.1	GO:0005524	GO:0006281	GO:0006310
WP_009609837.1	GO:0008839	GO:0009089
WP_011025355.1	GO:0005524	GO:0006090	GO:0016301	GO:0016310	GO:0050242
WP_011026303.1	GO:0003735	GO:0005840	GO:0006412
WP_041587235.1	GO:0003677	GO:0006355
WP_011025749.1	GO:0003690	GO:0006265
WP_011026706.1	GO:0006508	GO:0008237
WP_011025699.1	GO:0006605	GO:0016020	GO:0044780
WP_011025481.1	GO:0006935	GO:0007165
WP_031314238.1	GO:0004132	GO:0006220	GO:0008270
WP_009610011.1	GO:0015297	GO:0016020	GO:0042910	GO:0055085
WP_009610842.1	GO:0005524	GO:0015986	GO:0045261	GO:0046933	GO:1902600
WP_009611238.1	GO:0030976	GO:0043805
WP_011026608.1	GO:0004617	GO:0006564	GO:0051287
WP_041587093.1	GO:0008422	GO:0030245
WP_009609674.1	GO:0009055
WP_041587130.1	GO:0016757
WP_226990163.1	GO:0006364	GO:0008168
WP_011024671.1	GO:0003700	GO:0006355
WP_011025615.1	GO:0000160	GO:0003677	GO:0003700	GO:0005509	GO:0005737	GO:0006355	GO:0042173	GO:0051606
WP_011025636.1	GO:0006814	GO:0008948
WP_011025692.1	GO:0006935	GO:0007165
WP_009609967.1	GO:0016020	GO:0055085
WP_011026747.1	GO:0009143	GO:0047429
WP_022588100.1	GO:0000155	GO:0000160
WP_041587071.1	GO:0003677	GO:0003918	GO:0005524	GO:0005694	GO:0006265
WP_011026521.1	GO:0005524	GO:0015444	GO:0015693	GO:0016020	GO:0016887
WP_011025498.1	GO:0005524	GO:0016887
WP_011025313.1	GO:0016020
WP_011025513.1	GO:0005524	GO:0016887
WP_157858525.1	GO:0005524	GO:0019069
WP_011025090.1	GO:0016020	GO:0030001	GO:0046873
WP_011025123.1	GO:0008410
WP_011025875.1	GO:0005524	GO:0005525	GO:0016887
WP_009610750.1	GO:0004370	GO:0005975	GO:0006072
WP_011026743.1	GO:0003677	GO:0003678	GO:0005524	GO:0006260
WP_011024925.1	GO:0005198	GO:0009424	GO:0071973
WP_226990153.1	GO:0003723	GO:0006355
WP_009610710.1	GO:0016020	GO:0022857	GO:0055085
WP_031314082.1	GO:0003677
WP_011024804.1	GO:0016020	GO:0055085
WP_009610882.1	GO:0003677	GO:0005524	GO:0006260	GO:0016887
WP_011026159.1	GO:0003677
WP_011024618.1	GO:0003723	GO:0006396	GO:0016779
WP_011025774.1	GO:0004113	GO:0008664
WP_009609769.1	GO:0003677	GO:0004803	GO:0006313
WP_041587132.1	GO:0004139	GO:0005737	GO:0009264
WP_157858518.1	GO:0005524	GO:0006298	GO:0030983	GO:0140664
WP_011025879.1	GO:0003723	GO:0004810	GO:0016783	GO:0034227
WP_011026345.1	GO:0003677	GO:0003899	GO:0006351
WP_011025245.1	GO:0004784	GO:0006801	GO:0046872
WP_011026032.1	GO:0046914
WP_011026620.1	GO:0009055	GO:0010181	GO:0016491	GO:0020037
WP_011025665.1	GO:0005737	GO:0006400	GO:0018339	GO:0035596	GO:0051539
WP_009609599.1	GO:0016835	GO:0046348	GO:0097367
WP_009611284.1	GO:0016020	GO:0022857
WP_011026035.1	GO:0005524
WP_011024956.1	GO:0016810
WP_041587279.1	GO:0006189
WP_081427438.1	GO:0005524	GO:0016020	GO:0055085	GO:0140359
WP_011025985.1	GO:0006629
WP_102008953.1	GO:0005975	GO:0008061
WP_050724070.1	GO:0003677	GO:0004803	GO:0006313
WP_226990172.1	GO:0006508	GO:0008237
WP_009610961.1	GO:0000286	GO:0042853
WP_259082538.1	GO:0005524
WP_011025462.1	GO:0000150	GO:0003677	GO:0006310	GO:0006355
WP_011025838.1	GO:0016790
WP_041587298.1	GO:0003676	GO:0004813	GO:0005524	GO:0006419
WP_041587114.1	GO:0004550	GO:0006183	GO:0006228	GO:0006241
WP_011025654.1	GO:0003723	GO:0006355
WP_011026515.1	GO:0003700	GO:0006355
WP_011024551.1	GO:0003861	GO:0009098	GO:0051539
WP_011025540.1	GO:0003824	GO:0030976
WP_011025639.1	GO:0016625
WP_011026016.1	GO:0008762	GO:0071949
WP_011025487.1	GO:0043190	GO:0055085	GO:0140359
WP_011024882.1	GO:0005384	GO:0016491	GO:0030026	GO:0046872
WP_011026273.1	GO:0016746
WP_011026240.1	GO:0005524
WP_009610167.1	GO:0006099	GO:0016829
WP_011026319.1	GO:0015031	GO:0016020
WP_011026484.1	GO:0005507	GO:0005524	GO:0006812	GO:0016020	GO:0016887	GO:0019829
WP_009609632.1	GO:0016020	GO:0055085
WP_011025660.1	GO:0003824	GO:0009058	GO:0030170
WP_011026486.1	GO:0006520	GO:0030170	GO:0031071	GO:0044571
WP_003868833.1	GO:0009249	GO:0033819
WP_009610683.1	GO:0003919	GO:0008531	GO:0009231
WP_011026393.1	GO:0005524	GO:0016020	GO:0016887	GO:0055085	GO:0140359
WP_011025960.1	GO:0001216	GO:0003677	GO:0006352	GO:0016987
WP_011026091.1	GO:0000166
WP_011026653.1	GO:0043571
WP_011026233.1	GO:0000105	GO:0004635	GO:0004636
WP_009611056.1	GO:0009294
WP_011025221.1	GO:0005524	GO:0009058
WP_011025210.1	GO:0004066	GO:0006529
WP_235619555.1	GO:0006355
WP_009610732.1	GO:0050485
WP_011026276.1	GO:0006520	GO:0016639
WP_011026482.1	GO:0005975
WP_011024919.1	GO:0004478	GO:0005524	GO:0006556
WP_011026404.1	GO:0008745	GO:0009253
WP_011024818.1	GO:0016020	GO:0022857
WP_009610846.1	GO:0003824
WP_009611053.1	GO:0005524
WP_041587080.1	GO:0008760	GO:0019277
WP_268741119.1	GO:0016787
WP_011025973.1	GO:0007165	GO:0016020
WP_041587267.1	GO:0005524
WP_011024694.1	GO:0009401	GO:0016020
WP_009610734.1	GO:0001514	GO:0003723	GO:0003746	GO:0003924	GO:0005525	GO:0005737
WP_011025105.1	GO:0007165	GO:0016020
WP_011026095.1	GO:0003824	GO:0051536
WP_009611108.1	GO:0046872
WP_011026272.1	GO:0000287	GO:0005975	GO:0008966	GO:0071704
WP_011026318.1	GO:0004017	GO:0005524	GO:0006139
WP_011024787.1	GO:0005524	GO:0006355	GO:0008134	GO:0009401	GO:0016020
WP_011025134.1	GO:0009103	GO:0016020
WP_226990167.1	GO:0016020
WP_009610260.1	GO:0006520	GO:0016639
WP_011025641.1	GO:0003824	GO:0005524	GO:0006003
WP_009610351.1	GO:0030643	GO:0045936
WP_009609605.1	GO:0003677	GO:0006355
WP_011025832.1	GO:0003723
WP_011024759.1	GO:0009249
WP_011026080.1	GO:0004553	GO:0005975	GO:0030246
WP_009610462.1	GO:0003677	GO:0003899	GO:0006352	GO:0006355	GO:0016987
WP_011025593.1	GO:0004350	GO:0006561	GO:0050661
WP_011024977.1	GO:0003824
WP_011024756.1	GO:0016020	GO:0022857	GO:0055085
WP_011025373.1	GO:0004725	GO:0030612	GO:0046685
WP_031313907.1	GO:0009055
WP_011024706.1	GO:0033922
WP_041587339.1	GO:0003677	GO:0005524	GO:0006355	GO:0008134
WP_011026115.1	GO:0008836	GO:0009089
WP_009609941.1	GO:0003700	GO:0006355
WP_011025223.1	GO:0008840	GO:0009089
WP_011025632.1	GO:0006508	GO:0009002
WP_011026363.1	GO:0002161	GO:0004827	GO:0005524	GO:0005737	GO:0006433
WP_011025881.1	GO:0003677	GO:0006355	GO:0046872
WP_226990125.1	GO:0006091	GO:0016151	GO:0016491	GO:0018492	GO:0051539
WP_011024649.1	GO:0006415	GO:0016149
WP_011025011.1	GO:0016787
WP_009610902.1	GO:0009847	GO:0016020
WP_011025624.1	GO:0003677	GO:0006352	GO:0006355	GO:0016987
WP_011025811.1	GO:0003824	GO:0019346	GO:0030170
WP_011025788.1	GO:0016747
WP_011024614.1	GO:0006812	GO:0008324	GO:0016020	GO:0055085
WP_011026326.1	GO:0003735	GO:0005840	GO:0006412
WP_011025621.1	GO:0006508	GO:0009002
WP_011026624.1	GO:0016020
WP_011026242.1	GO:0001510	GO:0003723	GO:0006396	GO:0008757
WP_009610864.1	GO:0008168
WP_011025517.1	GO:0016740	GO:0016853
WP_011026520.1	GO:0003677	GO:0006355
WP_011025193.1	GO:0003824	GO:0005975	GO:0030246
WP_011025062.1	GO:0000166
WP_011026680.1	GO:0000155	GO:0007165	GO:0016020	GO:0016310
WP_011024578.1	GO:0016020	GO:0022857	GO:0055085
WP_031314145.1	GO:0005524	GO:0006605	GO:0006886	GO:0016020	GO:0017038
WP_011025614.1	GO:0005515	GO:0006508
WP_011025216.1	GO:0042823
WP_011025962.1	GO:0016787
WP_011025904.1	GO:0008047	GO:0008233
WP_011025092.1	GO:0003824
WP_050724065.1	GO:0004553	GO:0005975
WP_009610268.1	GO:0003824
WP_011024722.1	GO:0005524	GO:0016020	GO:0016887	GO:0055085
WP_226990186.1	GO:0016746
WP_011026239.1	GO:0016020	GO:0140359
WP_226990144.1	GO:0006508	GO:0008236
WP_011026107.1	GO:0000287	GO:0050532
WP_009611282.1	GO:0000287	GO:0004743	GO:0006096	GO:0016310	GO:0030955
WP_011025596.1	GO:0003746	GO:0005737	GO:0006414	GO:0043043
WP_011024563.1	GO:0002100	GO:0008251	GO:0008270
WP_009610678.1	GO:0006282
WP_011026264.1	GO:0003677	GO:0006352	GO:0006355	GO:0016987
WP_041587164.1	GO:0006633	GO:0016747
WP_011025088.1	GO:0000150	GO:0003677	GO:0006310	GO:0006355
WP_009611248.1	GO:0003677	GO:0006352	GO:0006355	GO:0016987
WP_011024692.1	GO:0009401	GO:0016020
WP_011025483.1	GO:0003677	GO:0005515
WP_011024554.1	GO:0000287	GO:0003984	GO:0009082	GO:0030976	GO:0050660
WP_009609986.1	GO:0051920	GO:0098869
WP_011024661.1	GO:0035673
WP_011026088.1	GO:0016020	GO:0055085
WP_011026253.1	GO:0006355
WP_041587122.1	GO:0004356	GO:0006542	GO:0006807
WP_011024928.1	GO:0003723	GO:0006109	GO:0006402
WP_011026489.1	GO:0003700	GO:0006355
WP_011026656.1	GO:0016788
WP_011024704.1	GO:0006807	GO:0008881	GO:0036361
WP_011025682.1	GO:0042274
WP_009611137.1	GO:0001510	GO:0003723	GO:0006355	GO:0006364	GO:0008649
WP_011025257.1	GO:0003677	GO:0006352	GO:0006355	GO:0016987
WP_011025040.1	GO:0004176	GO:0004252	GO:0005524	GO:0006508	GO:0016887	GO:0030163	GO:0043565
WP_011026334.1	GO:0003723	GO:0003735	GO:0006412	GO:0015935
WP_011024732.1	GO:0000724	GO:0016788
WP_011026671.1	GO:0003723	GO:0004831	GO:0005524	GO:0006437
WP_226990162.1	GO:0016020	GO:0030420
WP_011025201.1	GO:0003824	GO:0005975	GO:0030246
WP_011025287.1	GO:0003723	GO:0004540	GO:0006396
WP_011025365.1	GO:0004222	GO:0071586
WP_011024582.1	GO:0005524	GO:0008716	GO:0046872
WP_011025932.1	GO:0015209	GO:0016020	GO:0055085
WP_011026226.1	GO:0003677
WP_011025045.1	GO:0015986	GO:0046933
WP_009610502.1	GO:0003697	GO:0005524	GO:0006281
WP_011026234.1	GO:0000105	GO:0000107
WP_011026508.1	GO:0004055	GO:0005524	GO:0006526
WP_011026725.1	GO:0016020	GO:0022857	GO:0055085
WP_011025044.1	GO:0015078	GO:0015986	GO:0045263
WP_011024766.1	GO:0008982	GO:0009401
WP_011026425.1	GO:0004422	GO:0006166
WP_009610546.1	GO:0005524	GO:0015833	GO:0016887
WP_009609587.1	GO:0003677	GO:0004803	GO:0006313
WP_011024634.1	GO:0016151	GO:0016651	GO:0048038	GO:0051287
WP_011025574.1	GO:0003700	GO:0006355
WP_009609945.1	GO:0000155	GO:0000160	GO:0005524	GO:0006109
WP_041587086.1	GO:0009250	GO:0016757
WP_011025555.1	GO:0003677	GO:0004803	GO:0006313
WP_009610360.1	GO:0000160	GO:0003677	GO:0006355
WP_011026317.1	GO:0006508	GO:0070006
WP_011025351.1	GO:0005515
WP_011026227.1	GO:0003677
WP_011026100.1	GO:0004077	GO:0006355	GO:0036211
WP_011024905.1	GO:0019752	GO:0046912
WP_011024978.1	GO:0004315	GO:0006633
WP_011024682.1	GO:0008982	GO:0009401
WP_011025712.1	GO:0003774	GO:0006935	GO:0009288	GO:0071973
WP_011025455.1	GO:0003677	GO:0004803	GO:0006313
WP_011025997.1	GO:0006518	GO:0008270	GO:0045148
WP_011025129.1	GO:0016020	GO:0022857	GO:0055085
WP_009609557.1	GO:0003677	GO:0004803	GO:0006313
WP_011025560.1	GO:0008839	GO:0009089
WP_011025608.1	GO:0003676	GO:0006308	GO:0008855	GO:0009318
WP_011024898.1	GO:0000287	GO:0005737	GO:0008973	GO:0009117	GO:0043094
WP_031314053.1	GO:0000160
WP_009609716.1	GO:0003991	GO:0005737	GO:0006526
WP_011025514.1	GO:0003676	GO:0006281	GO:0006310	GO:0008821
WP_011024644.1	GO:0003723	GO:0005524	GO:0006353	GO:0008186
WP_041587174.1	GO:0008137	GO:0042773
WP_011025757.1	GO:0004788	GO:0005524	GO:0006772	GO:0009229	GO:0030975
WP_009610670.1	GO:0008137	GO:0048038	GO:0051539
WP_011024831.1	GO:0000287	GO:0004450	GO:0006102	GO:0051287
WP_011025804.1	GO:0009228	GO:0016830	GO:0051536
WP_011024940.1	GO:0003333	GO:0005524	GO:0015424	GO:0016887
WP_011026428.1	GO:0008168
WP_011024996.1	GO:0005524	GO:0042026	GO:0140662
WP_009609827.1	GO:0005975	GO:0016810
WP_011026352.1	GO:0006605	GO:0006886	GO:0008320	GO:0009306	GO:0016020
WP_011025337.1	GO:0035598	GO:0035600	GO:0051539
WP_011025659.1	GO:0004018	GO:0009152
WP_011025675.1	GO:0003723	GO:0004654	GO:0006396	GO:0006402
WP_041587160.1	GO:0003723	GO:0006402	GO:0016020
WP_041587127.1	GO:0000155	GO:0000160
WP_011024923.1	GO:0005515	GO:0044780
WP_009611077.1	GO:0004594
WP_011025228.1	GO:0008798	GO:0016810
WP_011026447.1	GO:0003700	GO:0006355	GO:0097367	GO:1901135
WP_011026562.1	GO:0006355
WP_011025288.1	GO:0005886
WP_011026320.1	GO:0003735	GO:0006412	GO:0015934
WP_011024972.1	GO:0016747
WP_011026415.1	GO:0022857
WP_011025771.1	GO:0016020	GO:0022857	GO:0055085
WP_011025469.1	GO:0003677	GO:0004803	GO:0006313
WP_011025357.1	GO:0003723	GO:0004540	GO:0016070
WP_011025797.1	GO:0016491
WP_041587221.1	GO:0005524	GO:0005737	GO:0008033	GO:0016879
WP_011024816.1	GO:0005524	GO:0008817	GO:0009236
WP_011025974.1	GO:0005524	GO:0016301
WP_011025901.1	GO:0003735	GO:0005840	GO:0006412
WP_011025592.1	GO:0003677	GO:0006281	GO:0008270
WP_157858511.1	GO:0016616
WP_009610270.1	GO:0008237
WP_193328911.1	GO:0000155	GO:0007165	GO:0016020	GO:0016310
WP_009610104.1	GO:0003824	GO:0051536
WP_009611352.1	GO:0003700	GO:0045717	GO:0045892
WP_011026126.1	GO:0016491
WP_009611031.1	GO:0004553	GO:0005975
WP_011026310.1	GO:0003677	GO:0003899	GO:0006351	GO:0046983
WP_259081737.1	GO:0005524
WP_009610298.1	GO:0000287	GO:0005975	GO:0016868	GO:0071704
WP_011025740.1	GO:0004314
WP_226990174.1	GO:0015293	GO:0016020
WP_011025309.1	GO:0004084	GO:0009081
WP_011025370.1	GO:0030436
WP_011024593.1	GO:0003700	GO:0006355
WP_081427421.1	GO:0016020
WP_011025845.1	GO:0005975	GO:0009331	GO:0046168	GO:0047952	GO:0051287
WP_011025042.1	GO:0015078	GO:0015986	GO:0045263
WP_011024735.1	GO:0006520	GO:0016829
WP_011026328.1	GO:0003735	GO:0006412	GO:0015934
WP_226990152.1	GO:0004553	GO:0005975
WP_011024963.1	GO:0002949
WP_011026213.1	GO:0003676	GO:0006281
WP_011026256.1	GO:0052855
WP_041587382.1	GO:0005975	GO:0016810
WP_011025898.1	GO:0000049	GO:0004826	GO:0005524	GO:0005737	GO:0006432
WP_009609688.1	GO:0017013
WP_011025613.1	GO:0003700	GO:0006355	GO:0006525	GO:0034618	GO:0051259
WP_011026615.1	GO:0004412	GO:0006520	GO:0050661
WP_011026384.1	GO:0006508	GO:0008236
WP_011025992.1	GO:0031419	GO:0042558	GO:0044237	GO:0046872
WP_310466646.1	GO:0004565	GO:0005975	GO:0071704
WP_011026160.1	GO:0000287	GO:0006281	GO:0006310
WP_011025706.1	GO:0006935	GO:0009425	GO:0071973
WP_041587159.1	GO:0016787	GO:0016831
WP_011024808.1	GO:0008810	GO:0030245	GO:0071704
WP_009609968.1	GO:0016491
WP_011025958.1	GO:0006006	GO:0016620	GO:0050661	GO:0051287
WP_011025585.1	GO:0030420
WP_011025716.1	GO:0030694	GO:0071973
WP_102008940.1	GO:0005737	GO:0006415	GO:0016149
WP_009611204.1	GO:0005524	GO:0016887	GO:0051301
WP_031314276.1	GO:0016020	GO:0055085
WP_011025828.1	GO:0019239
WP_041587226.1	GO:0043565
WP_011026481.1	GO:0008643	GO:0015293	GO:0016020
WP_011026681.1	GO:0000160	GO:0003677	GO:0006355
WP_011026470.1	GO:0005737	GO:0016462
WP_011024966.1	GO:0045892	GO:0051775
WP_011024789.1	GO:0000272	GO:0016811
WP_011026540.1	GO:0043190	GO:0055085	GO:0140359
WP_011026314.1	GO:0003735	GO:0005840	GO:0006412
WP_011026670.1	GO:0003824	GO:0009116
WP_009609988.1	GO:0003684	GO:0003887	GO:0006281
WP_011026395.1	GO:0006508	GO:0008236
WP_009611141.1	GO:0016020	GO:0017004
WP_009610765.1	GO:0005975	GO:0016810
WP_003868834.1	GO:0009107	GO:0016992	GO:0051539
WP_011024922.1	GO:0045892
WP_011025955.1	GO:0000015	GO:0000287	GO:0004634	GO:0006096
WP_009610258.1	GO:0003723	GO:0006396	GO:0016779
WP_011025705.1	GO:0003774	GO:0009425	GO:0071973
WP_009611027.1	GO:0016020	GO:0055085
WP_011025453.1	GO:0005975
WP_011026000.1	GO:0015297	GO:0016020	GO:0042910	GO:0055085
WP_022587649.1	GO:0006633	GO:0031177
WP_011024622.1	GO:0000154	GO:0000179
WP_009610585.1	GO:0016020	GO:0055085
WP_011025396.1	GO:0008705	GO:0009086	GO:0051536
WP_003868259.1	GO:0005737	GO:0008982	GO:0009401
WP_011026409.1	GO:0003677	GO:0032784	GO:0070063
WP_009610861.1	GO:0006083	GO:0008775
WP_226990190.1	GO:0003677	GO:0004803	GO:0006313
WP_011025029.1	GO:0005524	GO:0015833	GO:0016887
WP_011024847.1	GO:0006508	GO:0008236
WP_009610505.1	GO:0004047	GO:0005515	GO:0006546
WP_011025670.1	GO:0004072	GO:0009089
WP_011025862.1	GO:0003924	GO:0005525
WP_011026204.1	GO:0003677	GO:0004803	GO:0006313
WP_011026573.1	GO:0000287	GO:0000902	GO:0003977	GO:0005737	GO:0006048	GO:0009252	GO:0019134
WP_011024955.1	GO:0016020
WP_011025564.1	GO:0003824	GO:0031419	GO:0046872	GO:0046983
WP_011025963.1	GO:0003700	GO:0006355
WP_226990119.1	GO:0003677	GO:0003824	GO:0006304
WP_011026676.1	GO:0008760	GO:0019277
WP_041587157.1	GO:0003676
WP_011024894.1	GO:0005886
WP_011025384.1	GO:0004665	GO:0006571	GO:0008977	GO:0070403
WP_011024828.1	GO:0005886
WP_011026243.1	GO:0000166
WP_011024785.1	GO:0005315	GO:0006817	GO:0016020
WP_011024763.1	GO:0003824	GO:0009058	GO:0030170
WP_011024812.1	GO:0003700	GO:0006355
WP_041587220.1	GO:0003677	GO:0005515
WP_041587142.1	GO:0000160	GO:0006355
WP_011026281.1	GO:0008745	GO:0009253
WP_011025833.1	GO:0016020
WP_011026665.1	GO:0005524
WP_011025348.1	GO:0003723	GO:0005525
WP_011024883.1	GO:0005506	GO:0016903	GO:0022900	GO:0030976
WP_011026707.1	GO:0006508	GO:0008237
WP_011025209.1	GO:0005524	GO:0006807	GO:0046872
WP_011025409.1	GO:0003677	GO:0004803	GO:0006313
WP_011026705.1	GO:0006508	GO:0008236
WP_011025524.1	GO:0004672	GO:0005524	GO:0006468	GO:0006744
WP_011026215.1	GO:0003676
WP_009610832.1	GO:0005525
WP_011025431.1	GO:0003824	GO:0051536
WP_011026750.1	GO:0003735	GO:0005840	GO:0006412	GO:0019843
WP_011025347.1	GO:0008654	GO:0016020	GO:0016301
WP_011026413.1	GO:0009847	GO:0016020
WP_009611076.1	GO:0009847	GO:0016020
WP_011026135.1	GO:0008253	GO:0009264
WP_009610955.1	GO:0004371	GO:0006071
WP_011025534.1	GO:0016869	GO:0051536
WP_011025711.1	GO:0009288	GO:0071973
WP_011026511.1	GO:0003942	GO:0006526	GO:0046983	GO:0051287	GO:0070401
WP_011026087.1	GO:0016616	GO:0051287
WP_041587085.1	GO:0003677	GO:0005524	GO:0006355	GO:0008134
WP_050724072.1	GO:0016783
WP_041587100.1	GO:0004540	GO:0110001
WP_041587213.1	GO:0003746	GO:0003924	GO:0005525	GO:0006414
WP_011026576.1	GO:0005524	GO:0008763	GO:0009058
WP_011026535.1	GO:0016020	GO:0055085
WP_011024895.1	GO:0016020	GO:0022857	GO:0055085
WP_011026286.1	GO:0006231	GO:0050660	GO:0050797
WP_011025818.1	GO:0000162	GO:0004048
WP_011024733.1	GO:0003677	GO:0003678	GO:0005524	GO:0006302	GO:0016787
WP_011024699.1	GO:0000166
WP_009609552.1	GO:0003677	GO:0005524	GO:0006281	GO:0006310	GO:0009378
WP_041587126.1	GO:0008658
WP_011026014.1	GO:0004556	GO:0005509	GO:0005975
WP_011025038.1	GO:0003755	GO:0006457	GO:0015031
WP_011024685.1	GO:0004750	GO:0005975	GO:0006098
WP_041587230.1	GO:0003908	GO:0006281
WP_011026408.1	GO:0003934	GO:0046654
WP_011024566.1	GO:0003677
WP_011025537.1	GO:0006522	GO:0008784
WP_011025545.1	GO:0006814	GO:0016829
